doc_id,cluster,cluster_name
DOC_00001,0,General/Discussion
DOC_00002,3,Space/NASA
DOC_00003,3,Space/NASA
DOC_00004,6,Medicine/Health
DOC_00005,4,Computing
DOC_00006,2,Cars
DOC_00007,0,General/Discussion
DOC_00008,0,General/Discussion
DOC_00009,0,General/Discussion
DOC_00010,6,Medicine/Health
DOC_00011,1,Hockey/Sport
DOC_00012,5,Marketplace/Listings
DOC_00013,2,Cars
DOC_00014,2,Cars
DOC_00015,0,General/Discussion
DOC_00016,0,General/Discussion
DOC_00017,0,General/Discussion
DOC_00018,2,Cars
DOC_00019,0,General/Discussion
DOC_00020,4,Computing
DOC_00021,0,General/Discussion
DOC_00022,2,Cars
DOC_00023,0,General/Discussion
DOC_00024,1,Hockey/Sport
DOC_00025,2,Cars
DOC_00026,4,Computing
DOC_00027,2,Cars
DOC_00028,0,General/Discussion
DOC_00029,7,Repetitive/Unusual Text
DOC_00030,0,General/Discussion
DOC_00031,6,Medicine/Health
DOC_00032,0,General/Discussion
DOC_00033,4,Computing
DOC_00034,0,General/Discussion
DOC_00035,4,Computing
DOC_00036,4,Computing
DOC_00037,6,Medicine/Health
DOC_00038,0,General/Discussion
DOC_00039,3,Space/NASA
DOC_00040,1,Hockey/Sport
DOC_00041,7,Repetitive/Unusual Text
DOC_00042,4,Computing
DOC_00043,0,General/Discussion
DOC_00044,3,Space/NASA
DOC_00045,0,General/Discussion
DOC_00046,0,General/Discussion
DOC_00047,0,General/Discussion
DOC_00048,6,Medicine/Health
DOC_00049,6,Medicine/Health
DOC_00050,4,Computing
DOC_00051,1,Hockey/Sport
DOC_00052,0,General/Discussion
DOC_00053,3,Space/NASA
DOC_00054,0,General/Discussion
DOC_00055,6,Medicine/Health
DOC_00056,1,Hockey/Sport
DOC_00057,0,General/Discussion
DOC_00058,0,General/Discussion
DOC_00059,3,Space/NASA
DOC_00060,0,General/Discussion
DOC_00061,4,Computing
DOC_00062,1,Hockey/Sport
DOC_00063,4,Computing
DOC_00064,0,General/Discussion
DOC_00065,6,Medicine/Health
DOC_00066,0,General/Discussion
DOC_00067,1,Hockey/Sport
DOC_00068,1,Hockey/Sport
DOC_00069,0,General/Discussion
DOC_00070,3,Space/NASA
DOC_00071,3,Space/NASA
DOC_00072,6,Medicine/Health
DOC_00073,4,Computing
DOC_00074,7,Repetitive/Unusual Text
DOC_00075,0,General/Discussion
DOC_00076,3,Space/NASA
DOC_00077,6,Medicine/Health
DOC_00078,4,Computing
DOC_00079,6,Medicine/Health
DOC_00080,3,Space/NASA
DOC_00081,5,Marketplace/Listings
DOC_00082,4,Computing
DOC_00083,6,Medicine/Health
DOC_00084,6,Medicine/Health
DOC_00085,0,General/Discussion
DOC_00086,1,Hockey/Sport
DOC_00087,4,Computing
DOC_00088,1,Hockey/Sport
DOC_00089,1,Hockey/Sport
DOC_00090,6,Medicine/Health
DOC_00091,0,General/Discussion
DOC_00092,4,Computing
DOC_00093,3,Space/NASA
DOC_00094,1,Hockey/Sport
DOC_00095,0,General/Discussion
DOC_00096,7,Repetitive/Unusual Text
DOC_00097,6,Medicine/Health
DOC_00098,1,Hockey/Sport
DOC_00099,6,Medicine/Health
DOC_00100,4,Computing
DOC_00101,1,Hockey/Sport
DOC_00102,3,Space/NASA
DOC_00103,0,General/Discussion
DOC_00104,1,Hockey/Sport
DOC_00105,5,Marketplace/Listings
DOC_00106,0,General/Discussion
DOC_00107,0,General/Discussion
DOC_00108,4,Computing
DOC_00109,0,General/Discussion
DOC_00110,0,General/Discussion
DOC_00111,7,Repetitive/Unusual Text
DOC_00112,0,General/Discussion
DOC_00113,2,Cars
DOC_00114,1,Hockey/Sport
DOC_00115,0,General/Discussion
DOC_00116,0,General/Discussion
DOC_00117,1,Hockey/Sport
DOC_00118,4,Computing
DOC_00119,4,Computing
DOC_00120,0,General/Discussion
DOC_00121,2,Cars
DOC_00122,0,General/Discussion
DOC_00123,0,General/Discussion
DOC_00124,2,Cars
DOC_00125,1,Hockey/Sport
DOC_00126,0,General/Discussion
DOC_00127,1,Hockey/Sport
DOC_00128,0,General/Discussion
DOC_00129,1,Hockey/Sport
DOC_00130,2,Cars
DOC_00131,1,Hockey/Sport
DOC_00132,4,Computing
DOC_00133,2,Cars
DOC_00134,1,Hockey/Sport
DOC_00135,6,Medicine/Health
DOC_00136,2,Cars
DOC_00137,0,General/Discussion
DOC_00138,0,General/Discussion
DOC_00139,4,Computing
DOC_00140,1,Hockey/Sport
DOC_00141,2,Cars
DOC_00142,2,Cars
DOC_00143,4,Computing
DOC_00144,0,General/Discussion
DOC_00145,6,Medicine/Health
DOC_00146,5,Marketplace/Listings
DOC_00147,4,Computing
DOC_00148,0,General/Discussion
DOC_00149,3,Space/NASA
DOC_00150,7,Repetitive/Unusual Text
DOC_00151,7,Repetitive/Unusual Text
DOC_00152,0,General/Discussion
DOC_00153,4,Computing
DOC_00154,6,Medicine/Health
DOC_00155,1,Hockey/Sport
DOC_00156,1,Hockey/Sport
DOC_00157,3,Space/NASA
DOC_00158,0,General/Discussion
DOC_00159,4,Computing
DOC_00160,0,General/Discussion
DOC_00161,4,Computing
DOC_00162,0,General/Discussion
DOC_00163,3,Space/NASA
DOC_00164,6,Medicine/Health
DOC_00165,3,Space/NASA
DOC_00166,4,Computing
DOC_00167,1,Hockey/Sport
DOC_00168,0,General/Discussion
DOC_00169,3,Space/NASA
DOC_00170,3,Space/NASA
DOC_00171,6,Medicine/Health
DOC_00172,0,General/Discussion
DOC_00173,3,Space/NASA
DOC_00174,0,General/Discussion
DOC_00175,6,Medicine/Health
DOC_00176,6,Medicine/Health
DOC_00177,3,Space/NASA
DOC_00178,1,Hockey/Sport
DOC_00179,1,Hockey/Sport
DOC_00180,2,Cars
DOC_00181,2,Cars
DOC_00182,3,Space/NASA
DOC_00183,7,Repetitive/Unusual Text
DOC_00184,6,Medicine/Health
DOC_00185,0,General/Discussion
DOC_00186,3,Space/NASA
DOC_00187,0,General/Discussion
DOC_00188,6,Medicine/Health
DOC_00189,7,Repetitive/Unusual Text
DOC_00190,2,Cars
DOC_00191,7,Repetitive/Unusual Text
DOC_00192,0,General/Discussion
DOC_00193,2,Cars
DOC_00194,2,Cars
DOC_00195,4,Computing
DOC_00196,4,Computing
DOC_00197,0,General/Discussion
DOC_00198,3,Space/NASA
DOC_00199,4,Computing
DOC_00200,0,General/Discussion
DOC_00201,0,General/Discussion
DOC_00202,1,Hockey/Sport
DOC_00203,1,Hockey/Sport
DOC_00204,6,Medicine/Health
DOC_00205,0,General/Discussion
DOC_00206,1,Hockey/Sport
DOC_00207,7,Repetitive/Unusual Text
DOC_00208,0,General/Discussion
DOC_00209,3,Space/NASA
DOC_00210,4,Computing
DOC_00211,5,Marketplace/Listings
DOC_00212,0,General/Discussion
DOC_00213,7,Repetitive/Unusual Text
DOC_00214,3,Space/NASA
DOC_00215,5,Marketplace/Listings
DOC_00216,4,Computing
DOC_00217,7,Repetitive/Unusual Text
DOC_00218,6,Medicine/Health
DOC_00219,0,General/Discussion
DOC_00220,2,Cars
DOC_00221,3,Space/NASA
DOC_00222,7,Repetitive/Unusual Text
DOC_00223,4,Computing
DOC_00224,6,Medicine/Health
DOC_00225,0,General/Discussion
DOC_00226,3,Space/NASA
DOC_00227,6,Medicine/Health
DOC_00228,3,Space/NASA
DOC_00229,3,Space/NASA
DOC_00230,1,Hockey/Sport
DOC_00231,4,Computing
DOC_00232,6,Medicine/Health
DOC_00233,0,General/Discussion
DOC_00234,6,Medicine/Health
DOC_00235,0,General/Discussion
DOC_00236,0,General/Discussion
DOC_00237,0,General/Discussion
DOC_00238,4,Computing
DOC_00239,2,Cars
DOC_00240,6,Medicine/Health
DOC_00241,4,Computing
DOC_00242,4,Computing
DOC_00243,4,Computing
DOC_00244,0,General/Discussion
DOC_00245,2,Cars
DOC_00246,4,Computing
DOC_00247,1,Hockey/Sport
DOC_00248,4,Computing
DOC_00249,0,General/Discussion
DOC_00250,6,Medicine/Health
DOC_00251,3,Space/NASA
DOC_00252,3,Space/NASA
DOC_00253,0,General/Discussion
DOC_00254,1,Hockey/Sport
DOC_00255,0,General/Discussion
DOC_00256,0,General/Discussion
DOC_00257,0,General/Discussion
DOC_00258,4,Computing
DOC_00259,1,Hockey/Sport
DOC_00260,3,Space/NASA
DOC_00261,0,General/Discussion
DOC_00262,0,General/Discussion
DOC_00263,1,Hockey/Sport
DOC_00264,0,General/Discussion
DOC_00265,0,General/Discussion
DOC_00266,4,Computing
DOC_00267,0,General/Discussion
DOC_00268,3,Space/NASA
DOC_00269,0,General/Discussion
DOC_00270,0,General/Discussion
DOC_00271,0,General/Discussion
DOC_00272,1,Hockey/Sport
DOC_00273,1,Hockey/Sport
DOC_00274,4,Computing
DOC_00275,0,General/Discussion
DOC_00276,1,Hockey/Sport
DOC_00277,4,Computing
DOC_00278,6,Medicine/Health
DOC_00279,4,Computing
DOC_00280,3,Space/NASA
DOC_00281,2,Cars
DOC_00282,2,Cars
DOC_00283,0,General/Discussion
DOC_00284,4,Computing
DOC_00285,0,General/Discussion
DOC_00286,1,Hockey/Sport
DOC_00287,0,General/Discussion
DOC_00288,0,General/Discussion
DOC_00289,2,Cars
DOC_00290,3,Space/NASA
DOC_00291,6,Medicine/Health
DOC_00292,7,Repetitive/Unusual Text
DOC_00293,0,General/Discussion
DOC_00294,0,General/Discussion
DOC_00295,0,General/Discussion
DOC_00296,5,Marketplace/Listings
DOC_00297,2,Cars
DOC_00298,2,Cars
DOC_00299,1,Hockey/Sport
DOC_00300,1,Hockey/Sport
DOC_00301,2,Cars
DOC_00302,0,General/Discussion
DOC_00303,0,General/Discussion
DOC_00304,4,Computing
DOC_00305,7,Repetitive/Unusual Text
DOC_00306,0,General/Discussion
DOC_00307,1,Hockey/Sport
DOC_00308,1,Hockey/Sport
DOC_00309,4,Computing
DOC_00310,2,Cars
DOC_00311,0,General/Discussion
DOC_00312,1,Hockey/Sport
DOC_00313,1,Hockey/Sport
DOC_00314,5,Marketplace/Listings
DOC_00315,0,General/Discussion
DOC_00316,1,Hockey/Sport
DOC_00317,4,Computing
DOC_00318,2,Cars
DOC_00319,4,Computing
DOC_00320,7,Repetitive/Unusual Text
DOC_00321,0,General/Discussion
DOC_00322,7,Repetitive/Unusual Text
DOC_00323,1,Hockey/Sport
DOC_00324,0,General/Discussion
DOC_00325,4,Computing
DOC_00326,4,Computing
DOC_00327,0,General/Discussion
DOC_00328,4,Computing
DOC_00329,0,General/Discussion
DOC_00330,1,Hockey/Sport
DOC_00331,2,Cars
DOC_00332,1,Hockey/Sport
DOC_00333,6,Medicine/Health
DOC_00334,0,General/Discussion
DOC_00335,6,Medicine/Health
DOC_00336,2,Cars
DOC_00337,0,General/Discussion
DOC_00338,0,General/Discussion
DOC_00339,0,General/Discussion
DOC_00340,0,General/Discussion
DOC_00341,5,Marketplace/Listings
DOC_00342,2,Cars
DOC_00343,0,General/Discussion
DOC_00344,0,General/Discussion
DOC_00345,6,Medicine/Health
DOC_00346,0,General/Discussion
DOC_00347,2,Cars
DOC_00348,4,Computing
DOC_00349,3,Space/NASA
DOC_00350,1,Hockey/Sport
DOC_00351,1,Hockey/Sport
DOC_00352,0,General/Discussion
DOC_00353,2,Cars
DOC_00354,3,Space/NASA
DOC_00355,4,Computing
DOC_00356,2,Cars
DOC_00357,4,Computing
DOC_00358,4,Computing
DOC_00359,5,Marketplace/Listings
DOC_00360,1,Hockey/Sport
DOC_00361,0,General/Discussion
DOC_00362,2,Cars
DOC_00363,6,Medicine/Health
DOC_00364,0,General/Discussion
DOC_00365,1,Hockey/Sport
DOC_00366,6,Medicine/Health
DOC_00367,4,Computing
DOC_00368,0,General/Discussion
DOC_00369,0,General/Discussion
DOC_00370,6,Medicine/Health
DOC_00371,0,General/Discussion
DOC_00372,4,Computing
DOC_00373,6,Medicine/Health
DOC_00374,0,General/Discussion
DOC_00375,0,General/Discussion
DOC_00376,1,Hockey/Sport
DOC_00377,0,General/Discussion
DOC_00378,0,General/Discussion
DOC_00379,4,Computing
DOC_00380,2,Cars
DOC_00381,0,General/Discussion
DOC_00382,0,General/Discussion
DOC_00383,4,Computing
DOC_00384,4,Computing
DOC_00385,1,Hockey/Sport
DOC_00386,0,General/Discussion
DOC_00387,0,General/Discussion
DOC_00388,0,General/Discussion
DOC_00389,1,Hockey/Sport
DOC_00390,5,Marketplace/Listings
DOC_00391,0,General/Discussion
DOC_00392,0,General/Discussion
DOC_00393,1,Hockey/Sport
DOC_00394,0,General/Discussion
DOC_00395,0,General/Discussion
DOC_00396,4,Computing
DOC_00397,4,Computing
DOC_00398,4,Computing
DOC_00399,1,Hockey/Sport
DOC_00400,6,Medicine/Health
DOC_00401,4,Computing
DOC_00402,4,Computing
DOC_00403,0,General/Discussion
DOC_00404,4,Computing
DOC_00405,2,Cars
DOC_00406,2,Cars
DOC_00407,0,General/Discussion
DOC_00408,0,General/Discussion
DOC_00409,3,Space/NASA
DOC_00410,3,Space/NASA
DOC_00411,4,Computing
DOC_00412,1,Hockey/Sport
DOC_00413,1,Hockey/Sport
DOC_00414,1,Hockey/Sport
DOC_00415,0,General/Discussion
DOC_00416,5,Marketplace/Listings
DOC_00417,1,Hockey/Sport
DOC_00418,1,Hockey/Sport
DOC_00419,4,Computing
DOC_00420,1,Hockey/Sport
DOC_00421,6,Medicine/Health
DOC_00422,0,General/Discussion
DOC_00423,1,Hockey/Sport
DOC_00424,1,Hockey/Sport
DOC_00425,2,Cars
DOC_00426,0,General/Discussion
DOC_00427,6,Medicine/Health
DOC_00428,7,Repetitive/Unusual Text
DOC_00429,1,Hockey/Sport
DOC_00430,4,Computing
DOC_00431,2,Cars
DOC_00432,2,Cars
DOC_00433,0,General/Discussion
DOC_00434,1,Hockey/Sport
DOC_00435,1,Hockey/Sport
DOC_00436,3,Space/NASA
DOC_00437,0,General/Discussion
DOC_00438,2,Cars
DOC_00439,1,Hockey/Sport
DOC_00440,0,General/Discussion
DOC_00441,2,Cars
DOC_00442,3,Space/NASA
DOC_00443,0,General/Discussion
DOC_00444,0,General/Discussion
DOC_00445,2,Cars
DOC_00446,0,General/Discussion
DOC_00447,4,Computing
DOC_00448,0,General/Discussion
DOC_00449,0,General/Discussion
DOC_00450,0,General/Discussion
DOC_00451,5,Marketplace/Listings
DOC_00452,4,Computing
DOC_00453,3,Space/NASA
DOC_00454,6,Medicine/Health
DOC_00455,0,General/Discussion
DOC_00456,6,Medicine/Health
DOC_00457,1,Hockey/Sport
DOC_00458,4,Computing
DOC_00459,4,Computing
DOC_00460,4,Computing
DOC_00461,0,General/Discussion
DOC_00462,0,General/Discussion
DOC_00463,2,Cars
DOC_00464,0,General/Discussion
DOC_00465,2,Cars
DOC_00466,7,Repetitive/Unusual Text
DOC_00467,4,Computing
DOC_00468,6,Medicine/Health
DOC_00469,0,General/Discussion
DOC_00470,6,Medicine/Health
DOC_00471,2,Cars
DOC_00472,2,Cars
DOC_00473,5,Marketplace/Listings
DOC_00474,6,Medicine/Health
DOC_00475,3,Space/NASA
DOC_00476,0,General/Discussion
DOC_00477,0,General/Discussion
DOC_00478,1,Hockey/Sport
DOC_00479,1,Hockey/Sport
DOC_00480,7,Repetitive/Unusual Text
DOC_00481,0,General/Discussion
DOC_00482,4,Computing
DOC_00483,0,General/Discussion
DOC_00484,1,Hockey/Sport
DOC_00485,0,General/Discussion
DOC_00486,0,General/Discussion
DOC_00487,2,Cars
DOC_00488,1,Hockey/Sport
DOC_00489,0,General/Discussion
DOC_00490,1,Hockey/Sport
DOC_00491,4,Computing
DOC_00492,1,Hockey/Sport
DOC_00493,4,Computing
DOC_00494,3,Space/NASA
DOC_00495,3,Space/NASA
DOC_00496,4,Computing
DOC_00497,6,Medicine/Health
DOC_00498,1,Hockey/Sport
DOC_00499,1,Hockey/Sport
DOC_00500,6,Medicine/Health
DOC_00501,5,Marketplace/Listings
DOC_00502,2,Cars
DOC_00503,0,General/Discussion
DOC_00504,1,Hockey/Sport
DOC_00505,6,Medicine/Health
DOC_00506,0,General/Discussion
DOC_00507,1,Hockey/Sport
DOC_00508,0,General/Discussion
DOC_00509,4,Computing
DOC_00510,0,General/Discussion
DOC_00511,0,General/Discussion
DOC_00512,7,Repetitive/Unusual Text
DOC_00513,0,General/Discussion
DOC_00514,3,Space/NASA
DOC_00515,0,General/Discussion
DOC_00516,1,Hockey/Sport
DOC_00517,0,General/Discussion
DOC_00518,3,Space/NASA
DOC_00519,3,Space/NASA
DOC_00520,0,General/Discussion
DOC_00521,1,Hockey/Sport
DOC_00522,1,Hockey/Sport
DOC_00523,4,Computing
DOC_00524,2,Cars
DOC_00525,6,Medicine/Health
DOC_00526,2,Cars
DOC_00527,0,General/Discussion
DOC_00528,4,Computing
DOC_00529,4,Computing
DOC_00530,6,Medicine/Health
DOC_00531,1,Hockey/Sport
DOC_00532,3,Space/NASA
DOC_00533,4,Computing
DOC_00534,1,Hockey/Sport
DOC_00535,1,Hockey/Sport
DOC_00536,0,General/Discussion
DOC_00537,2,Cars
DOC_00538,0,General/Discussion
DOC_00539,2,Cars
DOC_00540,0,General/Discussion
DOC_00541,6,Medicine/Health
DOC_00542,4,Computing
DOC_00543,3,Space/NASA
DOC_00544,2,Cars
DOC_00545,6,Medicine/Health
DOC_00546,1,Hockey/Sport
DOC_00547,6,Medicine/Health
DOC_00548,0,General/Discussion
DOC_00549,6,Medicine/Health
DOC_00550,1,Hockey/Sport
DOC_00551,0,General/Discussion
DOC_00552,4,Computing
DOC_00553,4,Computing
DOC_00554,1,Hockey/Sport
DOC_00555,2,Cars
DOC_00556,3,Space/NASA
DOC_00557,3,Space/NASA
DOC_00558,2,Cars
DOC_00559,4,Computing
DOC_00560,0,General/Discussion
DOC_00561,6,Medicine/Health
DOC_00562,0,General/Discussion
DOC_00563,4,Computing
DOC_00564,0,General/Discussion
DOC_00565,0,General/Discussion
DOC_00566,0,General/Discussion
DOC_00567,6,Medicine/Health
DOC_00568,2,Cars
DOC_00569,4,Computing
DOC_00570,0,General/Discussion
DOC_00571,3,Space/NASA
DOC_00572,0,General/Discussion
DOC_00573,4,Computing
DOC_00574,2,Cars
DOC_00575,3,Space/NASA
DOC_00576,5,Marketplace/Listings
DOC_00577,0,General/Discussion
DOC_00578,1,Hockey/Sport
DOC_00579,0,General/Discussion
DOC_00580,3,Space/NASA
DOC_00581,3,Space/NASA
DOC_00582,6,Medicine/Health
DOC_00583,4,Computing
DOC_00584,0,General/Discussion
DOC_00585,2,Cars
DOC_00586,3,Space/NASA
DOC_00587,1,Hockey/Sport
DOC_00588,1,Hockey/Sport
DOC_00589,1,Hockey/Sport
DOC_00590,1,Hockey/Sport
DOC_00591,4,Computing
DOC_00592,1,Hockey/Sport
DOC_00593,0,General/Discussion
DOC_00594,0,General/Discussion
DOC_00595,1,Hockey/Sport
DOC_00596,4,Computing
DOC_00597,0,General/Discussion
DOC_00598,4,Computing
DOC_00599,6,Medicine/Health
DOC_00600,0,General/Discussion
DOC_00601,1,Hockey/Sport
DOC_00602,6,Medicine/Health
DOC_00603,6,Medicine/Health
DOC_00604,0,General/Discussion
DOC_00605,0,General/Discussion
DOC_00606,1,Hockey/Sport
DOC_00607,0,General/Discussion
DOC_00608,7,Repetitive/Unusual Text
DOC_00609,3,Space/NASA
DOC_00610,1,Hockey/Sport
DOC_00611,0,General/Discussion
DOC_00612,6,Medicine/Health
DOC_00613,2,Cars
DOC_00614,1,Hockey/Sport
DOC_00615,1,Hockey/Sport
DOC_00616,6,Medicine/Health
DOC_00617,0,General/Discussion
DOC_00618,0,General/Discussion
DOC_00619,1,Hockey/Sport
DOC_00620,4,Computing
DOC_00621,6,Medicine/Health
DOC_00622,0,General/Discussion
DOC_00623,4,Computing
DOC_00624,6,Medicine/Health
DOC_00625,1,Hockey/Sport
DOC_00626,0,General/Discussion
DOC_00627,6,Medicine/Health
DOC_00628,3,Space/NASA
DOC_00629,1,Hockey/Sport
DOC_00630,1,Hockey/Sport
DOC_00631,1,Hockey/Sport
DOC_00632,4,Computing
DOC_00633,0,General/Discussion
DOC_00634,4,Computing
DOC_00635,0,General/Discussion
DOC_00636,0,General/Discussion
DOC_00637,0,General/Discussion
DOC_00638,4,Computing
DOC_00639,1,Hockey/Sport
DOC_00640,4,Computing
DOC_00641,1,Hockey/Sport
DOC_00642,5,Marketplace/Listings
DOC_00643,6,Medicine/Health
DOC_00644,6,Medicine/Health
DOC_00645,1,Hockey/Sport
DOC_00646,0,General/Discussion
DOC_00647,0,General/Discussion
DOC_00648,0,General/Discussion
DOC_00649,1,Hockey/Sport
DOC_00650,6,Medicine/Health
DOC_00651,1,Hockey/Sport
DOC_00652,0,General/Discussion
DOC_00653,4,Computing
DOC_00654,4,Computing
DOC_00655,1,Hockey/Sport
DOC_00656,0,General/Discussion
DOC_00657,0,General/Discussion
DOC_00658,6,Medicine/Health
DOC_00659,3,Space/NASA
DOC_00660,4,Computing
DOC_00661,4,Computing
DOC_00662,0,General/Discussion
DOC_00663,6,Medicine/Health
DOC_00664,4,Computing
DOC_00665,3,Space/NASA
DOC_00666,0,General/Discussion
DOC_00667,3,Space/NASA
DOC_00668,4,Computing
DOC_00669,2,Cars
DOC_00670,6,Medicine/Health
DOC_00671,4,Computing
DOC_00672,6,Medicine/Health
DOC_00673,6,Medicine/Health
DOC_00674,1,Hockey/Sport
DOC_00675,4,Computing
DOC_00676,0,General/Discussion
DOC_00677,5,Marketplace/Listings
DOC_00678,2,Cars
DOC_00679,2,Cars
DOC_00680,3,Space/NASA
DOC_00681,4,Computing
DOC_00682,4,Computing
DOC_00683,1,Hockey/Sport
DOC_00684,0,General/Discussion
DOC_00685,0,General/Discussion
DOC_00686,6,Medicine/Health
DOC_00687,6,Medicine/Health
DOC_00688,0,General/Discussion
DOC_00689,0,General/Discussion
DOC_00690,0,General/Discussion
DOC_00691,6,Medicine/Health
DOC_00692,6,Medicine/Health
DOC_00693,0,General/Discussion
DOC_00694,4,Computing
DOC_00695,0,General/Discussion
DOC_00696,4,Computing
DOC_00697,3,Space/NASA
DOC_00698,1,Hockey/Sport
DOC_00699,2,Cars
DOC_00700,7,Repetitive/Unusual Text
DOC_00701,6,Medicine/Health
DOC_00702,6,Medicine/Health
DOC_00703,0,General/Discussion
DOC_00704,4,Computing
DOC_00705,0,General/Discussion
DOC_00706,2,Cars
DOC_00707,5,Marketplace/Listings
DOC_00708,0,General/Discussion
DOC_00709,6,Medicine/Health
DOC_00710,1,Hockey/Sport
DOC_00711,0,General/Discussion
DOC_00712,0,General/Discussion
DOC_00713,2,Cars
DOC_00714,6,Medicine/Health
DOC_00715,0,General/Discussion
DOC_00716,4,Computing
DOC_00717,2,Cars
DOC_00718,3,Space/NASA
DOC_00719,4,Computing
DOC_00720,0,General/Discussion
DOC_00721,1,Hockey/Sport
DOC_00722,1,Hockey/Sport
DOC_00723,0,General/Discussion
DOC_00724,3,Space/NASA
DOC_00725,6,Medicine/Health
DOC_00726,1,Hockey/Sport
DOC_00727,2,Cars
DOC_00728,3,Space/NASA
DOC_00729,2,Cars
DOC_00730,1,Hockey/Sport
DOC_00731,6,Medicine/Health
DOC_00732,0,General/Discussion
DOC_00733,0,General/Discussion
DOC_00734,1,Hockey/Sport
DOC_00735,6,Medicine/Health
DOC_00736,4,Computing
DOC_00737,1,Hockey/Sport
DOC_00738,0,General/Discussion
DOC_00739,4,Computing
DOC_00740,6,Medicine/Health
DOC_00741,2,Cars
DOC_00742,4,Computing
DOC_00743,4,Computing
DOC_00744,4,Computing
DOC_00745,4,Computing
DOC_00746,1,Hockey/Sport
DOC_00747,4,Computing
DOC_00748,1,Hockey/Sport
DOC_00749,3,Space/NASA
DOC_00750,1,Hockey/Sport
DOC_00751,2,Cars
DOC_00752,0,General/Discussion
DOC_00753,4,Computing
DOC_00754,0,General/Discussion
DOC_00755,0,General/Discussion
DOC_00756,1,Hockey/Sport
DOC_00757,6,Medicine/Health
DOC_00758,1,Hockey/Sport
DOC_00759,1,Hockey/Sport
DOC_00760,1,Hockey/Sport
DOC_00761,4,Computing
DOC_00762,2,Cars
DOC_00763,2,Cars
DOC_00764,3,Space/NASA
DOC_00765,2,Cars
DOC_00766,6,Medicine/Health
DOC_00767,1,Hockey/Sport
DOC_00768,2,Cars
DOC_00769,0,General/Discussion
DOC_00770,4,Computing
DOC_00771,4,Computing
DOC_00772,2,Cars
DOC_00773,3,Space/NASA
DOC_00774,0,General/Discussion
DOC_00775,3,Space/NASA
DOC_00776,6,Medicine/Health
DOC_00777,3,Space/NASA
DOC_00778,2,Cars
DOC_00779,0,General/Discussion
DOC_00780,4,Computing
DOC_00781,1,Hockey/Sport
DOC_00782,0,General/Discussion
DOC_00783,0,General/Discussion
DOC_00784,2,Cars
DOC_00785,4,Computing
DOC_00786,6,Medicine/Health
DOC_00787,0,General/Discussion
DOC_00788,0,General/Discussion
DOC_00789,6,Medicine/Health
DOC_00790,4,Computing
DOC_00791,6,Medicine/Health
DOC_00792,2,Cars
DOC_00793,2,Cars
DOC_00794,3,Space/NASA
DOC_00795,2,Cars
DOC_00796,4,Computing
DOC_00797,1,Hockey/Sport
DOC_00798,4,Computing
DOC_00799,4,Computing
DOC_00800,1,Hockey/Sport
DOC_00801,0,General/Discussion
DOC_00802,6,Medicine/Health
DOC_00803,0,General/Discussion
DOC_00804,7,Repetitive/Unusual Text
DOC_00805,3,Space/NASA
DOC_00806,2,Cars
DOC_00807,0,General/Discussion
DOC_00808,2,Cars
DOC_00809,0,General/Discussion
DOC_00810,2,Cars
DOC_00811,7,Repetitive/Unusual Text
DOC_00812,0,General/Discussion
DOC_00813,3,Space/NASA
DOC_00814,3,Space/NASA
DOC_00815,0,General/Discussion
DOC_00816,4,Computing
DOC_00817,2,Cars
DOC_00818,4,Computing
DOC_00819,0,General/Discussion
DOC_00820,0,General/Discussion
DOC_00821,6,Medicine/Health
DOC_00822,7,Repetitive/Unusual Text
DOC_00823,0,General/Discussion
DOC_00824,2,Cars
DOC_00825,2,Cars
DOC_00826,1,Hockey/Sport
DOC_00827,2,Cars
DOC_00828,0,General/Discussion
DOC_00829,1,Hockey/Sport
DOC_00830,1,Hockey/Sport
DOC_00831,2,Cars
DOC_00832,0,General/Discussion
DOC_00833,4,Computing
DOC_00834,6,Medicine/Health
DOC_00835,4,Computing
DOC_00836,0,General/Discussion
DOC_00837,0,General/Discussion
DOC_00838,4,Computing
DOC_00839,0,General/Discussion
DOC_00840,2,Cars
DOC_00841,1,Hockey/Sport
DOC_00842,1,Hockey/Sport
DOC_00843,4,Computing
DOC_00844,4,Computing
DOC_00845,7,Repetitive/Unusual Text
DOC_00846,1,Hockey/Sport
DOC_00847,3,Space/NASA
DOC_00848,2,Cars
DOC_00849,4,Computing
DOC_00850,2,Cars
DOC_00851,1,Hockey/Sport
DOC_00852,4,Computing
DOC_00853,7,Repetitive/Unusual Text
DOC_00854,6,Medicine/Health
DOC_00855,3,Space/NASA
DOC_00856,4,Computing
DOC_00857,0,General/Discussion
DOC_00858,3,Space/NASA
DOC_00859,4,Computing
DOC_00860,1,Hockey/Sport
DOC_00861,0,General/Discussion
DOC_00862,0,General/Discussion
DOC_00863,0,General/Discussion
DOC_00864,3,Space/NASA
DOC_00865,1,Hockey/Sport
DOC_00866,1,Hockey/Sport
DOC_00867,6,Medicine/Health
DOC_00868,4,Computing
DOC_00869,2,Cars
DOC_00870,1,Hockey/Sport
DOC_00871,0,General/Discussion
DOC_00872,1,Hockey/Sport
DOC_00873,1,Hockey/Sport
DOC_00874,4,Computing
DOC_00875,3,Space/NASA
DOC_00876,2,Cars
DOC_00877,6,Medicine/Health
DOC_00878,0,General/Discussion
DOC_00879,5,Marketplace/Listings
DOC_00880,6,Medicine/Health
DOC_00881,5,Marketplace/Listings
DOC_00882,0,General/Discussion
DOC_00883,5,Marketplace/Listings
DOC_00884,2,Cars
DOC_00885,0,General/Discussion
DOC_00886,1,Hockey/Sport
DOC_00887,3,Space/NASA
DOC_00888,4,Computing
DOC_00889,2,Cars
DOC_00890,4,Computing
DOC_00891,6,Medicine/Health
DOC_00892,1,Hockey/Sport
DOC_00893,3,Space/NASA
DOC_00894,1,Hockey/Sport
DOC_00895,6,Medicine/Health
DOC_00896,0,General/Discussion
DOC_00897,1,Hockey/Sport
DOC_00898,0,General/Discussion
DOC_00899,4,Computing
DOC_00900,2,Cars
DOC_00901,0,General/Discussion
DOC_00902,1,Hockey/Sport
DOC_00903,6,Medicine/Health
DOC_00904,0,General/Discussion
DOC_00905,0,General/Discussion
DOC_00906,2,Cars
DOC_00907,3,Space/NASA
DOC_00908,2,Cars
DOC_00909,0,General/Discussion
DOC_00910,2,Cars
DOC_00911,0,General/Discussion
DOC_00912,0,General/Discussion
DOC_00913,1,Hockey/Sport
DOC_00914,0,General/Discussion
DOC_00915,0,General/Discussion
DOC_00916,4,Computing
DOC_00917,6,Medicine/Health
DOC_00918,1,Hockey/Sport
DOC_00919,2,Cars
DOC_00920,1,Hockey/Sport
DOC_00921,0,General/Discussion
DOC_00922,7,Repetitive/Unusual Text
DOC_00923,1,Hockey/Sport
DOC_00924,0,General/Discussion
DOC_00925,7,Repetitive/Unusual Text
DOC_00926,3,Space/NASA
DOC_00927,1,Hockey/Sport
DOC_00928,6,Medicine/Health
DOC_00929,6,Medicine/Health
DOC_00930,3,Space/NASA
DOC_00931,0,General/Discussion
DOC_00932,6,Medicine/Health
DOC_00933,0,General/Discussion
DOC_00934,3,Space/NASA
DOC_00935,1,Hockey/Sport
DOC_00936,0,General/Discussion
DOC_00937,1,Hockey/Sport
DOC_00938,2,Cars
DOC_00939,4,Computing
DOC_00940,3,Space/NASA
DOC_00941,0,General/Discussion
DOC_00942,2,Cars
DOC_00943,4,Computing
DOC_00944,3,Space/NASA
DOC_00945,4,Computing
DOC_00946,6,Medicine/Health
DOC_00947,2,Cars
DOC_00948,7,Repetitive/Unusual Text
DOC_00949,6,Medicine/Health
DOC_00950,0,General/Discussion
DOC_00951,0,General/Discussion
DOC_00952,6,Medicine/Health
DOC_00953,4,Computing
DOC_00954,6,Medicine/Health
DOC_00955,6,Medicine/Health
DOC_00956,1,Hockey/Sport
DOC_00957,2,Cars
DOC_00958,3,Space/NASA
DOC_00959,6,Medicine/Health
DOC_00960,3,Space/NASA
DOC_00961,0,General/Discussion
DOC_00962,0,General/Discussion
DOC_00963,6,Medicine/Health
DOC_00964,1,Hockey/Sport
DOC_00965,1,Hockey/Sport
DOC_00966,1,Hockey/Sport
DOC_00967,2,Cars
DOC_00968,1,Hockey/Sport
DOC_00969,4,Computing
DOC_00970,3,Space/NASA
DOC_00971,0,General/Discussion
DOC_00972,4,Computing
DOC_00973,3,Space/NASA
DOC_00974,0,General/Discussion
DOC_00975,6,Medicine/Health
DOC_00976,0,General/Discussion
DOC_00977,6,Medicine/Health
DOC_00978,4,Computing
DOC_00979,0,General/Discussion
DOC_00980,4,Computing
DOC_00981,0,General/Discussion
DOC_00982,6,Medicine/Health
DOC_00983,1,Hockey/Sport
DOC_00984,7,Repetitive/Unusual Text
DOC_00985,0,General/Discussion
DOC_00986,0,General/Discussion
DOC_00987,6,Medicine/Health
DOC_00988,2,Cars
DOC_00989,0,General/Discussion
DOC_00990,1,Hockey/Sport
DOC_00991,1,Hockey/Sport
DOC_00992,4,Computing
DOC_00993,3,Space/NASA
DOC_00994,4,Computing
DOC_00995,0,General/Discussion
DOC_00996,4,Computing
DOC_00997,3,Space/NASA
DOC_00998,4,Computing
DOC_00999,4,Computing
DOC_01000,1,Hockey/Sport
DOC_01001,6,Medicine/Health
DOC_01002,2,Cars
DOC_01003,2,Cars
DOC_01004,4,Computing
DOC_01005,2,Cars
DOC_01006,0,General/Discussion
DOC_01007,6,Medicine/Health
DOC_01008,4,Computing
DOC_01009,4,Computing
DOC_01010,6,Medicine/Health
DOC_01011,0,General/Discussion
DOC_01012,2,Cars
DOC_01013,0,General/Discussion
DOC_01014,0,General/Discussion
DOC_01015,4,Computing
DOC_01016,1,Hockey/Sport
DOC_01017,0,General/Discussion
DOC_01018,4,Computing
DOC_01019,4,Computing
DOC_01020,4,Computing
DOC_01021,4,Computing
DOC_01022,6,Medicine/Health
DOC_01023,3,Space/NASA
DOC_01024,1,Hockey/Sport
DOC_01025,3,Space/NASA
DOC_01026,6,Medicine/Health
DOC_01027,6,Medicine/Health
DOC_01028,3,Space/NASA
DOC_01029,6,Medicine/Health
DOC_01030,6,Medicine/Health
DOC_01031,2,Cars
DOC_01032,6,Medicine/Health
DOC_01033,0,General/Discussion
DOC_01034,3,Space/NASA
DOC_01035,0,General/Discussion
DOC_01036,3,Space/NASA
DOC_01037,1,Hockey/Sport
DOC_01038,1,Hockey/Sport
DOC_01039,0,General/Discussion
DOC_01040,2,Cars
DOC_01041,1,Hockey/Sport
DOC_01042,0,General/Discussion
DOC_01043,1,Hockey/Sport
DOC_01044,3,Space/NASA
DOC_01045,6,Medicine/Health
DOC_01046,0,General/Discussion
DOC_01047,6,Medicine/Health
DOC_01048,5,Marketplace/Listings
DOC_01049,0,General/Discussion
DOC_01050,3,Space/NASA
DOC_01051,2,Cars
DOC_01052,4,Computing
DOC_01053,0,General/Discussion
DOC_01054,0,General/Discussion
DOC_01055,2,Cars
DOC_01056,4,Computing
DOC_01057,1,Hockey/Sport
DOC_01058,1,Hockey/Sport
DOC_01059,3,Space/NASA
DOC_01060,2,Cars
DOC_01061,2,Cars
DOC_01062,0,General/Discussion
DOC_01063,0,General/Discussion
DOC_01064,0,General/Discussion
DOC_01065,0,General/Discussion
DOC_01066,6,Medicine/Health
DOC_01067,1,Hockey/Sport
DOC_01068,1,Hockey/Sport
DOC_01069,5,Marketplace/Listings
DOC_01070,3,Space/NASA
DOC_01071,0,General/Discussion
DOC_01072,6,Medicine/Health
DOC_01073,1,Hockey/Sport
DOC_01074,3,Space/NASA
DOC_01075,4,Computing
DOC_01076,1,Hockey/Sport
DOC_01077,0,General/Discussion
DOC_01078,2,Cars
DOC_01079,0,General/Discussion
DOC_01080,6,Medicine/Health
DOC_01081,0,General/Discussion
DOC_01082,0,General/Discussion
DOC_01083,7,Repetitive/Unusual Text
DOC_01084,6,Medicine/Health
DOC_01085,0,General/Discussion
DOC_01086,6,Medicine/Health
DOC_01087,1,Hockey/Sport
DOC_01088,4,Computing
DOC_01089,4,Computing
DOC_01090,0,General/Discussion
DOC_01091,4,Computing
DOC_01092,0,General/Discussion
DOC_01093,6,Medicine/Health
DOC_01094,2,Cars
DOC_01095,4,Computing
DOC_01096,6,Medicine/Health
DOC_01097,0,General/Discussion
DOC_01098,0,General/Discussion
DOC_01099,4,Computing
DOC_01100,2,Cars
DOC_01101,4,Computing
DOC_01102,3,Space/NASA
DOC_01103,0,General/Discussion
DOC_01104,4,Computing
DOC_01105,4,Computing
DOC_01106,0,General/Discussion
DOC_01107,0,General/Discussion
DOC_01108,0,General/Discussion
DOC_01109,0,General/Discussion
DOC_01110,6,Medicine/Health
DOC_01111,3,Space/NASA
DOC_01112,1,Hockey/Sport
DOC_01113,0,General/Discussion
DOC_01114,6,Medicine/Health
DOC_01115,6,Medicine/Health
DOC_01116,1,Hockey/Sport
DOC_01117,0,General/Discussion
DOC_01118,1,Hockey/Sport
DOC_01119,6,Medicine/Health
DOC_01120,6,Medicine/Health
DOC_01121,0,General/Discussion
DOC_01122,0,General/Discussion
DOC_01123,4,Computing
DOC_01124,2,Cars
DOC_01125,0,General/Discussion
DOC_01126,6,Medicine/Health
DOC_01127,4,Computing
DOC_01128,0,General/Discussion
DOC_01129,2,Cars
DOC_01130,0,General/Discussion
DOC_01131,0,General/Discussion
DOC_01132,0,General/Discussion
DOC_01133,2,Cars
DOC_01134,1,Hockey/Sport
DOC_01135,7,Repetitive/Unusual Text
DOC_01136,5,Marketplace/Listings
DOC_01137,1,Hockey/Sport
DOC_01138,4,Computing
DOC_01139,6,Medicine/Health
DOC_01140,3,Space/NASA
DOC_01141,6,Medicine/Health
DOC_01142,1,Hockey/Sport
DOC_01143,3,Space/NASA
DOC_01144,7,Repetitive/Unusual Text
DOC_01145,3,Space/NASA
DOC_01146,1,Hockey/Sport
DOC_01147,0,General/Discussion
DOC_01148,4,Computing
DOC_01149,3,Space/NASA
DOC_01150,7,Repetitive/Unusual Text
DOC_01151,3,Space/NASA
DOC_01152,0,General/Discussion
DOC_01153,1,Hockey/Sport
DOC_01154,1,Hockey/Sport
DOC_01155,3,Space/NASA
DOC_01156,2,Cars
DOC_01157,3,Space/NASA
DOC_01158,6,Medicine/Health
DOC_01159,3,Space/NASA
DOC_01160,1,Hockey/Sport
DOC_01161,6,Medicine/Health
DOC_01162,0,General/Discussion
DOC_01163,0,General/Discussion
DOC_01164,3,Space/NASA
DOC_01165,3,Space/NASA
DOC_01166,2,Cars
DOC_01167,3,Space/NASA
DOC_01168,3,Space/NASA
DOC_01169,4,Computing
DOC_01170,2,Cars
DOC_01171,0,General/Discussion
DOC_01172,1,Hockey/Sport
DOC_01173,6,Medicine/Health
DOC_01174,3,Space/NASA
DOC_01175,4,Computing
DOC_01176,2,Cars
DOC_01177,3,Space/NASA
DOC_01178,0,General/Discussion
DOC_01179,2,Cars
DOC_01180,4,Computing
DOC_01181,4,Computing
DOC_01182,2,Cars
DOC_01183,1,Hockey/Sport
DOC_01184,2,Cars
DOC_01185,0,General/Discussion
DOC_01186,1,Hockey/Sport
DOC_01187,6,Medicine/Health
DOC_01188,1,Hockey/Sport
DOC_01189,0,General/Discussion
DOC_01190,3,Space/NASA
DOC_01191,6,Medicine/Health
DOC_01192,2,Cars
DOC_01193,6,Medicine/Health
DOC_01194,0,General/Discussion
DOC_01195,7,Repetitive/Unusual Text
DOC_01196,3,Space/NASA
DOC_01197,3,Space/NASA
DOC_01198,1,Hockey/Sport
DOC_01199,7,Repetitive/Unusual Text
DOC_01200,3,Space/NASA
DOC_01201,3,Space/NASA
DOC_01202,6,Medicine/Health
DOC_01203,0,General/Discussion
DOC_01204,2,Cars
DOC_01205,4,Computing
DOC_01206,2,Cars
DOC_01207,0,General/Discussion
DOC_01208,5,Marketplace/Listings
DOC_01209,3,Space/NASA
DOC_01210,6,Medicine/Health
DOC_01211,4,Computing
DOC_01212,4,Computing
DOC_01213,0,General/Discussion
DOC_01214,1,Hockey/Sport
DOC_01215,4,Computing
DOC_01216,6,Medicine/Health
DOC_01217,1,Hockey/Sport
DOC_01218,0,General/Discussion
DOC_01219,4,Computing
DOC_01220,2,Cars
DOC_01221,7,Repetitive/Unusual Text
DOC_01222,1,Hockey/Sport
DOC_01223,1,Hockey/Sport
DOC_01224,0,General/Discussion
DOC_01225,2,Cars
DOC_01226,1,Hockey/Sport
DOC_01227,3,Space/NASA
DOC_01228,6,Medicine/Health
DOC_01229,0,General/Discussion
DOC_01230,4,Computing
DOC_01231,4,Computing
DOC_01232,0,General/Discussion
DOC_01233,0,General/Discussion
DOC_01234,1,Hockey/Sport
DOC_01235,0,General/Discussion
DOC_01236,0,General/Discussion
DOC_01237,0,General/Discussion
DOC_01238,3,Space/NASA
DOC_01239,6,Medicine/Health
DOC_01240,4,Computing
DOC_01241,4,Computing
DOC_01242,1,Hockey/Sport
DOC_01243,6,Medicine/Health
DOC_01244,4,Computing
DOC_01245,6,Medicine/Health
DOC_01246,5,Marketplace/Listings
DOC_01247,1,Hockey/Sport
DOC_01248,0,General/Discussion
DOC_01249,6,Medicine/Health
DOC_01250,4,Computing
DOC_01251,1,Hockey/Sport
DOC_01252,6,Medicine/Health
DOC_01253,1,Hockey/Sport
DOC_01254,5,Marketplace/Listings
DOC_01255,4,Computing
DOC_01256,3,Space/NASA
DOC_01257,2,Cars
DOC_01258,1,Hockey/Sport
DOC_01259,2,Cars
DOC_01260,4,Computing
DOC_01261,3,Space/NASA
DOC_01262,0,General/Discussion
DOC_01263,2,Cars
DOC_01264,2,Cars
DOC_01265,4,Computing
DOC_01266,6,Medicine/Health
DOC_01267,5,Marketplace/Listings
DOC_01268,1,Hockey/Sport
DOC_01269,3,Space/NASA
DOC_01270,7,Repetitive/Unusual Text
DOC_01271,6,Medicine/Health
DOC_01272,6,Medicine/Health
DOC_01273,4,Computing
DOC_01274,6,Medicine/Health
DOC_01275,3,Space/NASA
DOC_01276,4,Computing
DOC_01277,1,Hockey/Sport
DOC_01278,6,Medicine/Health
DOC_01279,0,General/Discussion
DOC_01280,7,Repetitive/Unusual Text
DOC_01281,1,Hockey/Sport
DOC_01282,0,General/Discussion
DOC_01283,2,Cars
DOC_01284,1,Hockey/Sport
DOC_01285,1,Hockey/Sport
DOC_01286,4,Computing
DOC_01287,0,General/Discussion
DOC_01288,0,General/Discussion
DOC_01289,0,General/Discussion
DOC_01290,2,Cars
DOC_01291,2,Cars
DOC_01292,1,Hockey/Sport
DOC_01293,1,Hockey/Sport
DOC_01294,2,Cars
DOC_01295,0,General/Discussion
DOC_01296,7,Repetitive/Unusual Text
DOC_01297,0,General/Discussion
DOC_01298,6,Medicine/Health
DOC_01299,0,General/Discussion
DOC_01300,3,Space/NASA
DOC_01301,4,Computing
DOC_01302,7,Repetitive/Unusual Text
DOC_01303,4,Computing
DOC_01304,4,Computing
DOC_01305,6,Medicine/Health
DOC_01306,6,Medicine/Health
DOC_01307,4,Computing
DOC_01308,2,Cars
DOC_01309,2,Cars
DOC_01310,6,Medicine/Health
DOC_01311,4,Computing
DOC_01312,7,Repetitive/Unusual Text
DOC_01313,0,General/Discussion
DOC_01314,0,General/Discussion
DOC_01315,6,Medicine/Health
DOC_01316,4,Computing
DOC_01317,1,Hockey/Sport
DOC_01318,4,Computing
DOC_01319,1,Hockey/Sport
DOC_01320,6,Medicine/Health
DOC_01321,0,General/Discussion
DOC_01322,1,Hockey/Sport
DOC_01323,0,General/Discussion
DOC_01324,4,Computing
DOC_01325,4,Computing
DOC_01326,2,Cars
DOC_01327,1,Hockey/Sport
DOC_01328,4,Computing
DOC_01329,0,General/Discussion
DOC_01330,0,General/Discussion
DOC_01331,1,Hockey/Sport
DOC_01332,3,Space/NASA
DOC_01333,1,Hockey/Sport
DOC_01334,6,Medicine/Health
DOC_01335,0,General/Discussion
DOC_01336,2,Cars
DOC_01337,1,Hockey/Sport
DOC_01338,1,Hockey/Sport
DOC_01339,1,Hockey/Sport
DOC_01340,0,General/Discussion
DOC_01341,2,Cars
DOC_01342,3,Space/NASA
DOC_01343,0,General/Discussion
DOC_01344,0,General/Discussion
DOC_01345,4,Computing
DOC_01346,0,General/Discussion
DOC_01347,0,General/Discussion
DOC_01348,4,Computing
DOC_01349,0,General/Discussion
DOC_01350,0,General/Discussion
DOC_01351,3,Space/NASA
DOC_01352,6,Medicine/Health
DOC_01353,4,Computing
DOC_01354,1,Hockey/Sport
DOC_01355,6,Medicine/Health
DOC_01356,4,Computing
DOC_01357,0,General/Discussion
DOC_01358,1,Hockey/Sport
DOC_01359,2,Cars
DOC_01360,2,Cars
DOC_01361,0,General/Discussion
DOC_01362,4,Computing
DOC_01363,3,Space/NASA
DOC_01364,4,Computing
DOC_01365,3,Space/NASA
DOC_01366,4,Computing
DOC_01367,4,Computing
DOC_01368,1,Hockey/Sport
DOC_01369,3,Space/NASA
DOC_01370,0,General/Discussion
DOC_01371,6,Medicine/Health
DOC_01372,1,Hockey/Sport
DOC_01373,6,Medicine/Health
DOC_01374,2,Cars
DOC_01375,4,Computing
DOC_01376,6,Medicine/Health
DOC_01377,3,Space/NASA
DOC_01378,3,Space/NASA
DOC_01379,0,General/Discussion
DOC_01380,3,Space/NASA
DOC_01381,1,Hockey/Sport
DOC_01382,2,Cars
DOC_01383,0,General/Discussion
DOC_01384,6,Medicine/Health
DOC_01385,0,General/Discussion
DOC_01386,1,Hockey/Sport
DOC_01387,0,General/Discussion
DOC_01388,1,Hockey/Sport
DOC_01389,3,Space/NASA
DOC_01390,1,Hockey/Sport
DOC_01391,1,Hockey/Sport
DOC_01392,1,Hockey/Sport
DOC_01393,3,Space/NASA
DOC_01394,7,Repetitive/Unusual Text
DOC_01395,1,Hockey/Sport
DOC_01396,0,General/Discussion
DOC_01397,3,Space/NASA
DOC_01398,1,Hockey/Sport
DOC_01399,6,Medicine/Health
DOC_01400,0,General/Discussion
DOC_01401,1,Hockey/Sport
DOC_01402,4,Computing
DOC_01403,6,Medicine/Health
DOC_01404,3,Space/NASA
DOC_01405,5,Marketplace/Listings
DOC_01406,4,Computing
DOC_01407,2,Cars
DOC_01408,7,Repetitive/Unusual Text
DOC_01409,6,Medicine/Health
DOC_01410,0,General/Discussion
DOC_01411,4,Computing
DOC_01412,3,Space/NASA
DOC_01413,1,Hockey/Sport
DOC_01414,6,Medicine/Health
DOC_01415,1,Hockey/Sport
DOC_01416,4,Computing
DOC_01417,7,Repetitive/Unusual Text
DOC_01418,4,Computing
DOC_01419,3,Space/NASA
DOC_01420,6,Medicine/Health
DOC_01421,1,Hockey/Sport
DOC_01422,1,Hockey/Sport
DOC_01423,0,General/Discussion
DOC_01424,2,Cars
DOC_01425,0,General/Discussion
DOC_01426,0,General/Discussion
DOC_01427,3,Space/NASA
DOC_01428,3,Space/NASA
DOC_01429,0,General/Discussion
DOC_01430,6,Medicine/Health
DOC_01431,1,Hockey/Sport
DOC_01432,6,Medicine/Health
DOC_01433,0,General/Discussion
DOC_01434,2,Cars
DOC_01435,5,Marketplace/Listings
DOC_01436,0,General/Discussion
DOC_01437,3,Space/NASA
DOC_01438,3,Space/NASA
DOC_01439,0,General/Discussion
DOC_01440,0,General/Discussion
DOC_01441,1,Hockey/Sport
DOC_01442,0,General/Discussion
DOC_01443,0,General/Discussion
DOC_01444,4,Computing
DOC_01445,1,Hockey/Sport
DOC_01446,3,Space/NASA
DOC_01447,0,General/Discussion
DOC_01448,4,Computing
DOC_01449,6,Medicine/Health
DOC_01450,0,General/Discussion
DOC_01451,5,Marketplace/Listings
DOC_01452,0,General/Discussion
DOC_01453,5,Marketplace/Listings
DOC_01454,1,Hockey/Sport
DOC_01455,6,Medicine/Health
DOC_01456,2,Cars
DOC_01457,6,Medicine/Health
DOC_01458,0,General/Discussion
DOC_01459,3,Space/NASA
DOC_01460,2,Cars
DOC_01461,3,Space/NASA
DOC_01462,6,Medicine/Health
DOC_01463,0,General/Discussion
DOC_01464,6,Medicine/Health
DOC_01465,3,Space/NASA
DOC_01466,1,Hockey/Sport
DOC_01467,1,Hockey/Sport
DOC_01468,4,Computing
DOC_01469,1,Hockey/Sport
DOC_01470,5,Marketplace/Listings
DOC_01471,0,General/Discussion
DOC_01472,0,General/Discussion
DOC_01473,3,Space/NASA
DOC_01474,6,Medicine/Health
DOC_01475,0,General/Discussion
DOC_01476,0,General/Discussion
DOC_01477,3,Space/NASA
DOC_01478,6,Medicine/Health
DOC_01479,0,General/Discussion
DOC_01480,0,General/Discussion
DOC_01481,0,General/Discussion
DOC_01482,0,General/Discussion
DOC_01483,1,Hockey/Sport
DOC_01484,0,General/Discussion
DOC_01485,4,Computing
DOC_01486,0,General/Discussion
DOC_01487,4,Computing
DOC_01488,3,Space/NASA
DOC_01489,0,General/Discussion
DOC_01490,3,Space/NASA
DOC_01491,2,Cars
DOC_01492,1,Hockey/Sport
DOC_01493,0,General/Discussion
DOC_01494,1,Hockey/Sport
DOC_01495,4,Computing
DOC_01496,3,Space/NASA
DOC_01497,0,General/Discussion
DOC_01498,3,Space/NASA
DOC_01499,7,Repetitive/Unusual Text
DOC_01500,0,General/Discussion
DOC_01501,4,Computing
DOC_01502,1,Hockey/Sport
DOC_01503,0,General/Discussion
DOC_01504,1,Hockey/Sport
DOC_01505,6,Medicine/Health
DOC_01506,0,General/Discussion
DOC_01507,0,General/Discussion
DOC_01508,0,General/Discussion
DOC_01509,4,Computing
DOC_01510,0,General/Discussion
DOC_01511,0,General/Discussion
DOC_01512,0,General/Discussion
DOC_01513,1,Hockey/Sport
DOC_01514,0,General/Discussion
DOC_01515,2,Cars
DOC_01516,1,Hockey/Sport
DOC_01517,4,Computing
DOC_01518,3,Space/NASA
DOC_01519,4,Computing
DOC_01520,2,Cars
DOC_01521,3,Space/NASA
DOC_01522,0,General/Discussion
DOC_01523,6,Medicine/Health
DOC_01524,0,General/Discussion
DOC_01525,5,Marketplace/Listings
DOC_01526,3,Space/NASA
DOC_01527,0,General/Discussion
DOC_01528,2,Cars
DOC_01529,1,Hockey/Sport
DOC_01530,2,Cars
DOC_01531,0,General/Discussion
DOC_01532,6,Medicine/Health
DOC_01533,6,Medicine/Health
DOC_01534,0,General/Discussion
DOC_01535,0,General/Discussion
DOC_01536,6,Medicine/Health
DOC_01537,1,Hockey/Sport
DOC_01538,6,Medicine/Health
DOC_01539,0,General/Discussion
DOC_01540,1,Hockey/Sport
DOC_01541,4,Computing
DOC_01542,2,Cars
DOC_01543,4,Computing
DOC_01544,3,Space/NASA
DOC_01545,0,General/Discussion
DOC_01546,6,Medicine/Health
DOC_01547,3,Space/NASA
DOC_01548,0,General/Discussion
DOC_01549,1,Hockey/Sport
DOC_01550,1,Hockey/Sport
DOC_01551,0,General/Discussion
DOC_01552,0,General/Discussion
DOC_01553,1,Hockey/Sport
DOC_01554,6,Medicine/Health
DOC_01555,5,Marketplace/Listings
DOC_01556,1,Hockey/Sport
DOC_01557,6,Medicine/Health
DOC_01558,3,Space/NASA
DOC_01559,4,Computing
DOC_01560,4,Computing
DOC_01561,0,General/Discussion
DOC_01562,4,Computing
DOC_01563,0,General/Discussion
DOC_01564,2,Cars
DOC_01565,5,Marketplace/Listings
DOC_01566,0,General/Discussion
DOC_01567,0,General/Discussion
DOC_01568,4,Computing
DOC_01569,2,Cars
DOC_01570,2,Cars
DOC_01571,0,General/Discussion
DOC_01572,4,Computing
DOC_01573,1,Hockey/Sport
DOC_01574,3,Space/NASA
DOC_01575,4,Computing
DOC_01576,4,Computing
DOC_01577,6,Medicine/Health
DOC_01578,0,General/Discussion
DOC_01579,6,Medicine/Health
DOC_01580,6,Medicine/Health
DOC_01581,1,Hockey/Sport
DOC_01582,6,Medicine/Health
DOC_01583,6,Medicine/Health
DOC_01584,6,Medicine/Health
DOC_01585,5,Marketplace/Listings
DOC_01586,4,Computing
DOC_01587,2,Cars
DOC_01588,3,Space/NASA
DOC_01589,1,Hockey/Sport
DOC_01590,3,Space/NASA
DOC_01591,7,Repetitive/Unusual Text
DOC_01592,4,Computing
DOC_01593,6,Medicine/Health
DOC_01594,1,Hockey/Sport
DOC_01595,0,General/Discussion
DOC_01596,6,Medicine/Health
DOC_01597,1,Hockey/Sport
DOC_01598,1,Hockey/Sport
DOC_01599,3,Space/NASA
DOC_01600,6,Medicine/Health
DOC_01601,0,General/Discussion
DOC_01602,3,Space/NASA
DOC_01603,0,General/Discussion
DOC_01604,0,General/Discussion
DOC_01605,2,Cars
DOC_01606,2,Cars
DOC_01607,3,Space/NASA
DOC_01608,6,Medicine/Health
DOC_01609,6,Medicine/Health
DOC_01610,1,Hockey/Sport
DOC_01611,3,Space/NASA
DOC_01612,4,Computing
DOC_01613,0,General/Discussion
DOC_01614,1,Hockey/Sport
DOC_01615,0,General/Discussion
DOC_01616,6,Medicine/Health
DOC_01617,4,Computing
DOC_01618,0,General/Discussion
DOC_01619,0,General/Discussion
DOC_01620,6,Medicine/Health
DOC_01621,0,General/Discussion
DOC_01622,1,Hockey/Sport
DOC_01623,0,General/Discussion
DOC_01624,4,Computing
DOC_01625,0,General/Discussion
DOC_01626,2,Cars
DOC_01627,6,Medicine/Health
DOC_01628,0,General/Discussion
DOC_01629,4,Computing
DOC_01630,4,Computing
DOC_01631,0,General/Discussion
DOC_01632,6,Medicine/Health
DOC_01633,0,General/Discussion
DOC_01634,2,Cars
DOC_01635,1,Hockey/Sport
DOC_01636,0,General/Discussion
DOC_01637,2,Cars
DOC_01638,1,Hockey/Sport
DOC_01639,0,General/Discussion
DOC_01640,1,Hockey/Sport
DOC_01641,4,Computing
DOC_01642,1,Hockey/Sport
DOC_01643,0,General/Discussion
DOC_01644,6,Medicine/Health
DOC_01645,6,Medicine/Health
DOC_01646,0,General/Discussion
DOC_01647,1,Hockey/Sport
DOC_01648,1,Hockey/Sport
DOC_01649,1,Hockey/Sport
DOC_01650,5,Marketplace/Listings
DOC_01651,0,General/Discussion
DOC_01652,2,Cars
DOC_01653,0,General/Discussion
DOC_01654,1,Hockey/Sport
DOC_01655,1,Hockey/Sport
DOC_01656,0,General/Discussion
DOC_01657,4,Computing
DOC_01658,6,Medicine/Health
DOC_01659,4,Computing
DOC_01660,4,Computing
DOC_01661,2,Cars
DOC_01662,1,Hockey/Sport
DOC_01663,7,Repetitive/Unusual Text
DOC_01664,2,Cars
DOC_01665,4,Computing
DOC_01666,1,Hockey/Sport
DOC_01667,0,General/Discussion
DOC_01668,1,Hockey/Sport
DOC_01669,3,Space/NASA
DOC_01670,2,Cars
DOC_01671,4,Computing
DOC_01672,0,General/Discussion
DOC_01673,4,Computing
DOC_01674,6,Medicine/Health
DOC_01675,0,General/Discussion
DOC_01676,6,Medicine/Health
DOC_01677,3,Space/NASA
DOC_01678,6,Medicine/Health
DOC_01679,3,Space/NASA
DOC_01680,3,Space/NASA
DOC_01681,1,Hockey/Sport
DOC_01682,1,Hockey/Sport
DOC_01683,0,General/Discussion
DOC_01684,6,Medicine/Health
DOC_01685,4,Computing
DOC_01686,4,Computing
DOC_01687,1,Hockey/Sport
DOC_01688,0,General/Discussion
DOC_01689,0,General/Discussion
DOC_01690,7,Repetitive/Unusual Text
DOC_01691,7,Repetitive/Unusual Text
DOC_01692,4,Computing
DOC_01693,0,General/Discussion
DOC_01694,2,Cars
DOC_01695,3,Space/NASA
DOC_01696,0,General/Discussion
DOC_01697,2,Cars
DOC_01698,5,Marketplace/Listings
DOC_01699,2,Cars
DOC_01700,6,Medicine/Health
DOC_01701,2,Cars
DOC_01702,4,Computing
DOC_01703,0,General/Discussion
DOC_01704,0,General/Discussion
DOC_01705,2,Cars
DOC_01706,6,Medicine/Health
DOC_01707,6,Medicine/Health
DOC_01708,3,Space/NASA
DOC_01709,2,Cars
DOC_01710,2,Cars
DOC_01711,1,Hockey/Sport
DOC_01712,6,Medicine/Health
DOC_01713,6,Medicine/Health
DOC_01714,1,Hockey/Sport
DOC_01715,3,Space/NASA
DOC_01716,1,Hockey/Sport
DOC_01717,1,Hockey/Sport
DOC_01718,4,Computing
DOC_01719,4,Computing
DOC_01720,0,General/Discussion
DOC_01721,0,General/Discussion
DOC_01722,4,Computing
DOC_01723,0,General/Discussion
DOC_01724,1,Hockey/Sport
DOC_01725,7,Repetitive/Unusual Text
DOC_01726,2,Cars
DOC_01727,2,Cars
DOC_01728,0,General/Discussion
DOC_01729,0,General/Discussion
DOC_01730,2,Cars
DOC_01731,3,Space/NASA
DOC_01732,2,Cars
DOC_01733,6,Medicine/Health
DOC_01734,4,Computing
DOC_01735,3,Space/NASA
DOC_01736,0,General/Discussion
DOC_01737,3,Space/NASA
DOC_01738,3,Space/NASA
DOC_01739,3,Space/NASA
DOC_01740,0,General/Discussion
DOC_01741,0,General/Discussion
DOC_01742,2,Cars
DOC_01743,5,Marketplace/Listings
DOC_01744,3,Space/NASA
DOC_01745,4,Computing
DOC_01746,4,Computing
DOC_01747,4,Computing
DOC_01748,1,Hockey/Sport
DOC_01749,6,Medicine/Health
DOC_01750,0,General/Discussion
DOC_01751,3,Space/NASA
DOC_01752,5,Marketplace/Listings
DOC_01753,4,Computing
DOC_01754,1,Hockey/Sport
DOC_01755,0,General/Discussion
DOC_01756,6,Medicine/Health
DOC_01757,2,Cars
DOC_01758,0,General/Discussion
DOC_01759,1,Hockey/Sport
DOC_01760,1,Hockey/Sport
DOC_01761,4,Computing
DOC_01762,2,Cars
DOC_01763,0,General/Discussion
DOC_01764,6,Medicine/Health
DOC_01765,4,Computing
DOC_01766,4,Computing
DOC_01767,4,Computing
DOC_01768,2,Cars
DOC_01769,7,Repetitive/Unusual Text
DOC_01770,2,Cars
DOC_01771,0,General/Discussion
DOC_01772,0,General/Discussion
DOC_01773,2,Cars
DOC_01774,2,Cars
DOC_01775,2,Cars
DOC_01776,2,Cars
DOC_01777,2,Cars
DOC_01778,4,Computing
DOC_01779,1,Hockey/Sport
DOC_01780,7,Repetitive/Unusual Text
DOC_01781,1,Hockey/Sport
DOC_01782,4,Computing
DOC_01783,1,Hockey/Sport
DOC_01784,1,Hockey/Sport
DOC_01785,0,General/Discussion
DOC_01786,0,General/Discussion
DOC_01787,0,General/Discussion
DOC_01788,6,Medicine/Health
DOC_01789,2,Cars
DOC_01790,4,Computing
DOC_01791,4,Computing
DOC_01792,4,Computing
DOC_01793,4,Computing
DOC_01794,3,Space/NASA
DOC_01795,0,General/Discussion
DOC_01796,3,Space/NASA
DOC_01797,1,Hockey/Sport
DOC_01798,3,Space/NASA
DOC_01799,4,Computing
DOC_01800,6,Medicine/Health
DOC_01801,6,Medicine/Health
DOC_01802,2,Cars
DOC_01803,4,Computing
DOC_01804,3,Space/NASA
DOC_01805,4,Computing
DOC_01806,0,General/Discussion
DOC_01807,1,Hockey/Sport
DOC_01808,5,Marketplace/Listings
DOC_01809,4,Computing
DOC_01810,2,Cars
DOC_01811,3,Space/NASA
DOC_01812,1,Hockey/Sport
DOC_01813,0,General/Discussion
DOC_01814,6,Medicine/Health
DOC_01815,3,Space/NASA
DOC_01816,6,Medicine/Health
DOC_01817,1,Hockey/Sport
DOC_01818,2,Cars
DOC_01819,7,Repetitive/Unusual Text
DOC_01820,1,Hockey/Sport
DOC_01821,1,Hockey/Sport
DOC_01822,3,Space/NASA
DOC_01823,0,General/Discussion
DOC_01824,0,General/Discussion
DOC_01825,4,Computing
DOC_01826,2,Cars
DOC_01827,6,Medicine/Health
DOC_01828,2,Cars
DOC_01829,3,Space/NASA
DOC_01830,6,Medicine/Health
DOC_01831,2,Cars
DOC_01832,0,General/Discussion
DOC_01833,6,Medicine/Health
DOC_01834,7,Repetitive/Unusual Text
DOC_01835,6,Medicine/Health
DOC_01836,1,Hockey/Sport
DOC_01837,1,Hockey/Sport
DOC_01838,3,Space/NASA
DOC_01839,6,Medicine/Health
DOC_01840,1,Hockey/Sport
DOC_01841,6,Medicine/Health
DOC_01842,0,General/Discussion
DOC_01843,4,Computing
DOC_01844,3,Space/NASA
DOC_01845,6,Medicine/Health
DOC_01846,6,Medicine/Health
DOC_01847,4,Computing
DOC_01848,6,Medicine/Health
DOC_01849,0,General/Discussion
DOC_01850,2,Cars
DOC_01851,0,General/Discussion
DOC_01852,6,Medicine/Health
DOC_01853,1,Hockey/Sport
DOC_01854,4,Computing
DOC_01855,2,Cars
DOC_01856,4,Computing
DOC_01857,0,General/Discussion
DOC_01858,1,Hockey/Sport
DOC_01859,1,Hockey/Sport
DOC_01860,6,Medicine/Health
DOC_01861,2,Cars
DOC_01862,0,General/Discussion
DOC_01863,1,Hockey/Sport
DOC_01864,2,Cars
DOC_01865,3,Space/NASA
DOC_01866,3,Space/NASA
DOC_01867,3,Space/NASA
DOC_01868,2,Cars
DOC_01869,0,General/Discussion
DOC_01870,6,Medicine/Health
DOC_01871,7,Repetitive/Unusual Text
DOC_01872,3,Space/NASA
DOC_01873,2,Cars
DOC_01874,0,General/Discussion
DOC_01875,1,Hockey/Sport
DOC_01876,3,Space/NASA
DOC_01877,3,Space/NASA
DOC_01878,0,General/Discussion
DOC_01879,4,Computing
DOC_01880,4,Computing
DOC_01881,0,General/Discussion
DOC_01882,6,Medicine/Health
DOC_01883,7,Repetitive/Unusual Text
DOC_01884,1,Hockey/Sport
DOC_01885,4,Computing
DOC_01886,1,Hockey/Sport
DOC_01887,2,Cars
DOC_01888,0,General/Discussion
DOC_01889,3,Space/NASA
DOC_01890,3,Space/NASA
DOC_01891,4,Computing
DOC_01892,6,Medicine/Health
DOC_01893,1,Hockey/Sport
DOC_01894,0,General/Discussion
DOC_01895,0,General/Discussion
DOC_01896,0,General/Discussion
DOC_01897,0,General/Discussion
DOC_01898,6,Medicine/Health
DOC_01899,0,General/Discussion
DOC_01900,1,Hockey/Sport
DOC_01901,4,Computing
DOC_01902,5,Marketplace/Listings
DOC_01903,2,Cars
DOC_01904,2,Cars
DOC_01905,4,Computing
DOC_01906,2,Cars
DOC_01907,4,Computing
DOC_01908,0,General/Discussion
DOC_01909,6,Medicine/Health
DOC_01910,2,Cars
DOC_01911,2,Cars
DOC_01912,6,Medicine/Health
DOC_01913,6,Medicine/Health
DOC_01914,6,Medicine/Health
DOC_01915,4,Computing
DOC_01916,2,Cars
DOC_01917,1,Hockey/Sport
DOC_01918,2,Cars
DOC_01919,6,Medicine/Health
DOC_01920,6,Medicine/Health
DOC_01921,3,Space/NASA
DOC_01922,4,Computing
DOC_01923,6,Medicine/Health
DOC_01924,2,Cars
DOC_01925,0,General/Discussion
DOC_01926,1,Hockey/Sport
DOC_01927,1,Hockey/Sport
DOC_01928,5,Marketplace/Listings
DOC_01929,1,Hockey/Sport
DOC_01930,0,General/Discussion
DOC_01931,1,Hockey/Sport
DOC_01932,4,Computing
DOC_01933,0,General/Discussion
DOC_01934,3,Space/NASA
DOC_01935,4,Computing
DOC_01936,6,Medicine/Health
DOC_01937,4,Computing
DOC_01938,3,Space/NASA
DOC_01939,1,Hockey/Sport
DOC_01940,7,Repetitive/Unusual Text
DOC_01941,4,Computing
DOC_01942,1,Hockey/Sport
DOC_01943,2,Cars
DOC_01944,1,Hockey/Sport
DOC_01945,1,Hockey/Sport
DOC_01946,0,General/Discussion
DOC_01947,6,Medicine/Health
DOC_01948,6,Medicine/Health
DOC_01949,1,Hockey/Sport
DOC_01950,0,General/Discussion
DOC_01951,3,Space/NASA
DOC_01952,0,General/Discussion
DOC_01953,1,Hockey/Sport
DOC_01954,6,Medicine/Health
DOC_01955,0,General/Discussion
DOC_01956,1,Hockey/Sport
DOC_01957,2,Cars
DOC_01958,7,Repetitive/Unusual Text
DOC_01959,3,Space/NASA
DOC_01960,3,Space/NASA
DOC_01961,3,Space/NASA
DOC_01962,6,Medicine/Health
DOC_01963,2,Cars
DOC_01964,6,Medicine/Health
DOC_01965,0,General/Discussion
DOC_01966,0,General/Discussion
DOC_01967,1,Hockey/Sport
DOC_01968,2,Cars
DOC_01969,4,Computing
DOC_01970,4,Computing
DOC_01971,3,Space/NASA
DOC_01972,6,Medicine/Health
DOC_01973,2,Cars
DOC_01974,2,Cars
DOC_01975,0,General/Discussion
DOC_01976,1,Hockey/Sport
DOC_01977,6,Medicine/Health
DOC_01978,4,Computing
DOC_01979,0,General/Discussion
DOC_01980,1,Hockey/Sport
DOC_01981,3,Space/NASA
DOC_01982,4,Computing
DOC_01983,5,Marketplace/Listings
DOC_01984,0,General/Discussion
DOC_01985,2,Cars
DOC_01986,4,Computing
DOC_01987,1,Hockey/Sport
DOC_01988,4,Computing
DOC_01989,3,Space/NASA
DOC_01990,1,Hockey/Sport
DOC_01991,6,Medicine/Health
DOC_01992,1,Hockey/Sport
DOC_01993,3,Space/NASA
DOC_01994,0,General/Discussion
DOC_01995,6,Medicine/Health
DOC_01996,0,General/Discussion
DOC_01997,1,Hockey/Sport
DOC_01998,2,Cars
DOC_01999,3,Space/NASA
DOC_02000,0,General/Discussion
DOC_02001,0,General/Discussion
DOC_02002,0,General/Discussion
DOC_02003,3,Space/NASA
DOC_02004,6,Medicine/Health
DOC_02005,6,Medicine/Health
DOC_02006,6,Medicine/Health
DOC_02007,4,Computing
DOC_02008,0,General/Discussion
DOC_02009,0,General/Discussion
DOC_02010,0,General/Discussion
DOC_02011,4,Computing
DOC_02012,6,Medicine/Health
DOC_02013,4,Computing
DOC_02014,0,General/Discussion
DOC_02015,0,General/Discussion
DOC_02016,0,General/Discussion
DOC_02017,0,General/Discussion
DOC_02018,0,General/Discussion
DOC_02019,3,Space/NASA
DOC_02020,4,Computing
DOC_02021,4,Computing
DOC_02022,0,General/Discussion
DOC_02023,1,Hockey/Sport
DOC_02024,0,General/Discussion
DOC_02025,0,General/Discussion
DOC_02026,3,Space/NASA
DOC_02027,6,Medicine/Health
DOC_02028,1,Hockey/Sport
DOC_02029,2,Cars
DOC_02030,0,General/Discussion
DOC_02031,6,Medicine/Health
DOC_02032,2,Cars
DOC_02033,2,Cars
DOC_02034,5,Marketplace/Listings
DOC_02035,2,Cars
DOC_02036,1,Hockey/Sport
DOC_02037,1,Hockey/Sport
DOC_02038,0,General/Discussion
DOC_02039,1,Hockey/Sport
DOC_02040,4,Computing
DOC_02041,0,General/Discussion
DOC_02042,3,Space/NASA
DOC_02043,6,Medicine/Health
DOC_02044,7,Repetitive/Unusual Text
DOC_02045,2,Cars
DOC_02046,4,Computing
DOC_02047,4,Computing
DOC_02048,7,Repetitive/Unusual Text
DOC_02049,0,General/Discussion
DOC_02050,5,Marketplace/Listings
DOC_02051,0,General/Discussion
DOC_02052,6,Medicine/Health
DOC_02053,4,Computing
DOC_02054,7,Repetitive/Unusual Text
DOC_02055,2,Cars
DOC_02056,3,Space/NASA
DOC_02057,3,Space/NASA
DOC_02058,1,Hockey/Sport
DOC_02059,0,General/Discussion
DOC_02060,3,Space/NASA
DOC_02061,2,Cars
DOC_02062,1,Hockey/Sport
DOC_02063,0,General/Discussion
DOC_02064,3,Space/NASA
DOC_02065,1,Hockey/Sport
DOC_02066,0,General/Discussion
DOC_02067,1,Hockey/Sport
DOC_02068,6,Medicine/Health
DOC_02069,1,Hockey/Sport
DOC_02070,6,Medicine/Health
DOC_02071,7,Repetitive/Unusual Text
DOC_02072,2,Cars
DOC_02073,0,General/Discussion
DOC_02074,1,Hockey/Sport
DOC_02075,1,Hockey/Sport
DOC_02076,0,General/Discussion
DOC_02077,1,Hockey/Sport
DOC_02078,2,Cars
DOC_02079,6,Medicine/Health
DOC_02080,0,General/Discussion
DOC_02081,0,General/Discussion
DOC_02082,1,Hockey/Sport
DOC_02083,3,Space/NASA
DOC_02084,4,Computing
DOC_02085,2,Cars
DOC_02086,1,Hockey/Sport
DOC_02087,0,General/Discussion
DOC_02088,1,Hockey/Sport
DOC_02089,1,Hockey/Sport
DOC_02090,6,Medicine/Health
DOC_02091,4,Computing
DOC_02092,1,Hockey/Sport
DOC_02093,0,General/Discussion
DOC_02094,0,General/Discussion
DOC_02095,4,Computing
DOC_02096,2,Cars
DOC_02097,0,General/Discussion
DOC_02098,6,Medicine/Health
DOC_02099,2,Cars
DOC_02100,6,Medicine/Health
DOC_02101,1,Hockey/Sport
DOC_02102,3,Space/NASA
DOC_02103,6,Medicine/Health
DOC_02104,7,Repetitive/Unusual Text
DOC_02105,1,Hockey/Sport
DOC_02106,3,Space/NASA
DOC_02107,7,Repetitive/Unusual Text
DOC_02108,2,Cars
DOC_02109,6,Medicine/Health
DOC_02110,0,General/Discussion
DOC_02111,6,Medicine/Health
DOC_02112,0,General/Discussion
DOC_02113,0,General/Discussion
DOC_02114,0,General/Discussion
DOC_02115,1,Hockey/Sport
DOC_02116,4,Computing
DOC_02117,2,Cars
DOC_02118,5,Marketplace/Listings
DOC_02119,2,Cars
DOC_02120,0,General/Discussion
DOC_02121,0,General/Discussion
DOC_02122,3,Space/NASA
DOC_02123,4,Computing
DOC_02124,6,Medicine/Health
DOC_02125,1,Hockey/Sport
DOC_02126,6,Medicine/Health
DOC_02127,2,Cars
DOC_02128,4,Computing
DOC_02129,4,Computing
DOC_02130,7,Repetitive/Unusual Text
DOC_02131,0,General/Discussion
DOC_02132,2,Cars
DOC_02133,3,Space/NASA
DOC_02134,3,Space/NASA
DOC_02135,3,Space/NASA
DOC_02136,4,Computing
DOC_02137,2,Cars
DOC_02138,1,Hockey/Sport
DOC_02139,1,Hockey/Sport
DOC_02140,5,Marketplace/Listings
DOC_02141,2,Cars
DOC_02142,3,Space/NASA
DOC_02143,0,General/Discussion
DOC_02144,2,Cars
DOC_02145,2,Cars
DOC_02146,6,Medicine/Health
DOC_02147,1,Hockey/Sport
DOC_02148,1,Hockey/Sport
DOC_02149,6,Medicine/Health
DOC_02150,7,Repetitive/Unusual Text
DOC_02151,6,Medicine/Health
DOC_02152,0,General/Discussion
DOC_02153,0,General/Discussion
DOC_02154,2,Cars
DOC_02155,3,Space/NASA
DOC_02156,2,Cars
DOC_02157,0,General/Discussion
DOC_02158,0,General/Discussion
DOC_02159,1,Hockey/Sport
DOC_02160,1,Hockey/Sport
DOC_02161,0,General/Discussion
DOC_02162,1,Hockey/Sport
DOC_02163,1,Hockey/Sport
DOC_02164,2,Cars
