,sex
2887,Male
2328,Male
8519,Female
4990,Male
6562,Male
8706,Male
7244,Female
3733,Female
5512,Female
3554,Male
6876,Male
6432,Male
5064,Male
813,Male
457,Female
5519,Male
6940,Male
5501,Male
8167,Male
1124,Female
1322,Male
5303,Male
5938,Male
7781,Male
5585,Male
4151,Male
4064,Male
2977,Female
4945,Female
8161,Female
3503,Female
7531,Male
3844,Female
4748,Female
1229,Male
474,Male
36,Male
560,Male
8148,Female
7516,Male
4408,Female
1986,Male
2268,Male
7325,Male
6817,Male
149,Male
113,Male
5845,Male
8623,Female
8897,Male
6174,Female
7661,Male
5824,Male
2223,Female
1302,Female
6189,Male
1483,Male
8391,Male
3109,Male
1591,Male
2215,Female
4518,Male
6490,Male
2408,Male
6794,Male
3180,Male
3515,Male
353,Male
8662,Female
5275,Female
1852,Male
6556,Female
3975,Male
5194,Male
2523,Male
4443,Male
3840,Male
71,Male
19,Female
7875,Male
48,Male
4272,Male
1791,Male
5103,Male
399,Female
6078,Male
4693,Male
8046,Male
8359,Female
49,Male
708,Male
3110,Male
8776,Male
3596,Male
5496,Male
5851,Female
3342,Male
2900,Female
1886,Male
1131,Male
8785,Female
8663,Male
1095,Female
4666,Male
2542,Female
4936,Male
6690,Male
6353,Male
5606,Male
7972,Male
7376,Female
4167,Male
5318,Male
299,Male
5837,Female
2362,Male
1786,Male
8995,Female
8219,Male
2407,Male
6489,Female
2704,Female
2772,Male
1504,Male
4898,Male
6741,Male
7119,Male
1209,Female
1497,Female
8348,Male
7019,Male
6590,Female
4499,Male
5114,Male
1684,Female
6461,Female
1485,Male
6895,Male
5520,Male
8821,Female
2405,Female
1291,Female
4880,Male
6616,Male
8218,Female
228,Female
280,Male
6126,Female
6565,Male
7298,Male
3715,Male
7021,Female
2222,Male
4753,Male
1904,Female
2856,Male
2000,Male
1433,Male
24,Male
8472,Male
869,Female
6264,Male
1219,Male
151,Male
8997,Female
3571,Female
1902,Male
6891,Female
7160,Male
6502,Male
4474,Male
2402,Male
1947,Male
8192,Male
2431,Male
7491,Female
3769,Male
6027,Male
7409,Male
4736,Female
6366,Female
3488,Male
7881,Male
5958,Male
6442,Female
4047,Female
8440,Female
8636,Female
4764,Male
5811,Male
4340,Female
2863,Male
4570,Female
4554,Male
1541,Female
5281,Male
3391,Male
6047,Male
8740,Male
7139,Male
4069,Female
4929,Female
2720,Female
8634,Male
4980,Male
2767,Male
6626,Male
400,Male
6000,Female
3888,Male
4322,Female
6843,Female
3946,Male
52,Male
3853,Male
1603,Male
678,Male
5621,Male
1576,Male
8371,Female
7330,Female
4932,Male
2390,Female
3787,Male
8353,Female
6532,Female
7506,Female
7147,Male
688,Female
7673,Male
1954,Male
6519,Male
826,Female
418,Male
2240,Female
3523,Male
8794,Female
5436,Male
435,Female
1878,Male
2396,Male
8320,Male
7087,Male
4075,Female
5859,Male
1624,Female
1126,Female
2629,Male
5925,Female
1152,Female
3522,Male
4576,Male
1356,Male
1832,Male
4164,Male
3938,Male
7982,Male
2955,Female
3136,Male
707,Male
1648,Male
6798,Male
7367,Male
4165,Male
4011,Male
5797,Male
3675,Male
8727,Female
5270,Male
2979,Male
8872,Male
4953,Male
2622,Female
4526,Male
919,Female
904,Male
6033,Female
8212,Male
2116,Female
3108,Female
2444,Male
7225,Male
821,Male
54,Female
2875,Male
5212,Male
1035,Male
5701,Male
4122,Male
1164,Female
3834,Male
8754,Male
4556,Female
5495,Male
3710,Male
8864,Male
4432,Male
6942,Female
3794,Male
7237,Male
111,Male
4434,Male
2950,Male
2738,Female
7916,Female
1006,Male
3953,Male
2184,Female
6808,Male
4447,Male
3546,Male
7340,Male
5997,Male
2308,Female
7793,Male
6434,Female
7391,Male
797,Male
194,Male
84,Male
7148,Female
2530,Female
7419,Male
4538,Female
5151,Female
5873,Female
5917,Male
1105,Male
6969,Female
4708,Male
960,Female
7707,Female
2972,Male
638,Female
827,Female
2048,Male
519,Male
4130,Male
8576,Female
4577,Female
6936,Male
3553,Female
1865,Male
7527,Male
4302,Male
2050,Male
4539,Male
1945,Female
1867,Male
2604,Female
528,Male
6181,Male
8296,Male
686,Male
1894,Male
2612,Female
6157,Male
4460,Female
8979,Male
3228,Male
3694,Male
5181,Female
7884,Female
4835,Female
6035,Male
8615,Male
5877,Female
3699,Female
4721,Male
8985,Male
8929,Male
2361,Male
5215,Male
7638,Male
4106,Male
2919,Male
5734,Female
4486,Female
3942,Male
757,Male
7971,Female
7088,Male
8028,Male
2894,Male
4197,Male
3466,Female
7360,Female
575,Female
4049,Male
4485,Male
8387,Male
2175,Female
6570,Male
3101,Male
7650,Female
1812,Male
3013,Male
1563,Male
8027,Male
1343,Male
5105,Male
3077,Male
3220,Male
2842,Male
3088,Male
5731,Female
7443,Male
663,Male
5284,Male
6961,Male
4065,Male
4758,Male
8206,Female
3696,Male
5353,Female
1222,Female
2232,Male
6668,Male
4067,Male
2692,Male
4061,Female
6771,Male
2925,Male
656,Female
3618,Male
3349,Male
3993,Male
2909,Male
6633,Male
4843,Male
1608,Female
2386,Female
7292,Male
5801,Male
7696,Female
1057,Male
274,Male
3353,Male
2338,Male
3198,Female
615,Male
6446,Male
3212,Male
6542,Male
7908,Male
924,Male
5299,Male
7715,Female
4959,Male
8113,Male
831,Female
8570,Female
6464,Female
7159,Male
3639,Male
6573,Male
6950,Female
3650,Male
4449,Male
6867,Female
1133,Male
6278,Male
621,Male
8863,Female
4837,Male
3865,Female
4103,Female
1038,Female
415,Male
3672,Male
6012,Male
851,Male
6192,Male
7154,Female
2769,Male
1065,Male
1900,Male
1394,Female
4007,Female
8868,Male
8483,Male
1383,Male
7494,Female
1857,Female
5010,Male
6739,Female
2397,Female
6233,Male
4529,Male
5784,Male
51,Male
3520,Male
3340,Male
6862,Male
8251,Female
4586,Male
3042,Male
7514,Male
7079,Female
2291,Male
7460,Male
161,Male
5376,Male
6698,Male
7499,Male
6216,Male
7102,Male
5736,Male
4911,Male
134,Male
3207,Male
8014,Female
3324,Male
3037,Male
4774,Male
1884,Male
5292,Male
7447,Male
2912,Male
5378,Female
5663,Male
6933,Male
1406,Male
108,Male
6473,Male
7689,Female
1680,Male
1104,Male
2129,Female
4649,Male
4386,Female
2371,Male
6185,Male
8569,Female
4066,Male
450,Male
6082,Male
3752,Female
6738,Male
6614,Male
3366,Male
7868,Male
6124,Female
7468,Female
2080,Female
3336,Female
6352,Male
7503,Male
5186,Female
5768,Male
1551,Male
4599,Male
8697,Male
7071,Male
4643,Female
3935,Male
2228,Female
4960,Male
7176,Female
5251,Female
2347,Female
4833,Female
7703,Female
7418,Male
4597,Female
7939,Male
2455,Male
5557,Male
1040,Male
1858,Male
4471,Male
5061,Male
2112,Female
547,Male
5592,Female
1514,Male
8638,Male
6018,Male
5939,Male
8817,Female
7240,Male
8944,Male
5198,Female
5161,Male
8810,Male
2881,Female
44,Male
5661,Male
8186,Male
1371,Male
1586,Male
5206,Male
622,Female
5166,Male
5046,Male
2773,Female
1233,Female
3708,Male
7327,Male
1600,Male
2949,Male
7348,Male
1145,Male
4189,Male
439,Male
3884,Male
3490,Male
8295,Male
4186,Female
1938,Male
7262,Male
934,Male
3374,Female
4672,Male
40,Male
8210,Male
2770,Male
3218,Male
6142,Male
3728,Male
7324,Female
1582,Male
5177,Male
3335,Male
7950,Male
6252,Male
6870,Female
3943,Male
3425,Male
3350,Male
7975,Male
2999,Male
7824,Male
3379,Male
402,Male
1705,Female
988,Female
7708,Female
8338,Female
1153,Female
1533,Female
6534,Male
8254,Male
888,Female
2494,Male
2535,Female
132,Female
4531,Male
6513,Female
5405,Female
3543,Male
3341,Female
1362,Female
1298,Male
5678,Female
4592,Male
4588,Female
4185,Female
5530,Female
6187,Female
2165,Female
1823,Female
6680,Female
30,Female
7215,Male
7652,Male
1470,Male
732,Female
7603,Female
4208,Female
124,Male
2412,Female
7613,Male
4121,Male
5611,Male
4209,Male
4613,Male
2689,Male
7398,Male
3209,Female
2465,Female
8341,Male
1348,Male
6582,Male
6034,Female
6810,Male
795,Female
673,Female
3232,Male
2009,Male
1076,Male
2121,Female
1804,Male
8495,Male
3988,Male
8240,Male
5905,Male
6161,Male
8390,Female
5387,Male
5347,Male
7803,Female
600,Male
5903,Male
4862,Male
2777,Female
8402,Male
7611,Male
8786,Female
5262,Male
2531,Male
5437,Male
2203,Male
6080,Female
7004,Male
721,Male
3687,Male
1829,Male
4856,Male
4973,Male
2507,Male
1553,Male
4375,Male
4705,Female
7200,Male
5782,Male
3029,Male
1281,Male
2161,Male
473,Male
2723,Male
7836,Male
8001,Male
8866,Male
4364,Female
3369,Male
39,Male
893,Male
2254,Female
4147,Male
365,Male
7129,Male
5798,Male
3181,Male
7779,Male
6527,Male
1712,Male
1732,Male
3880,Male
6261,Male
3709,Male
7440,Male
8890,Male
3462,Male
579,Male
2543,Male
7089,Female
3149,Male
5245,Male
556,Female
567,Female
8016,Female
7214,Male
801,Male
3649,Male
6074,Female
3983,Male
3103,Male
72,Male
7185,Female
1873,Male
2983,Female
3984,Female
5963,Male
998,Male
7915,Male
2417,Male
7755,Male
2740,Male
8207,Male
3299,Male
7413,Male
3434,Male
4085,Male
7464,Female
5527,Female
5919,Male
3127,Male
1481,Male
5200,Male
7509,Female
5213,Female
7769,Male
6236,Male
5583,Male
3283,Male
478,Male
8842,Female
712,Male
6883,Male
3575,Male
7228,Male
7003,Male
4737,Male
8324,Female
5422,Female
1423,Female
6660,Male
1213,Male
6286,Male
4825,Male
3164,Male
3918,Male
8556,Male
5463,Male
8803,Male
3260,Female
8729,Male
5460,Male
3711,Male
8535,Male
741,Female
2917,Female
2383,Male
4131,Female
7668,Female
2239,Male
3508,Male
2193,Female
6829,Male
967,Male
3112,Male
6311,Male
5593,Female
5926,Female
5858,Male
5545,Male
2217,Female
4370,Female
3287,Male
7078,Female
8072,Male
1028,Male
7312,Female
1765,Male
8349,Male
3666,Female
8449,Female
7316,Male
1188,Male
4290,Male
4814,Female
2366,Male
5793,Male
1805,Female
3832,Female
700,Male
880,Male
728,Female
7693,Male
6886,Male
8238,Male
2715,Male
7255,Male
8949,Male
496,Male
99,Male
1260,Female
6605,Female
2332,Male
3778,Female
1581,Male
3854,Male
1571,Female
2804,Male
1519,Female
6036,Female
6457,Male
5075,Male
3361,Female
500,Male
7847,Male
2340,Male
6775,Female
1879,Male
6474,Female
8236,Male
3573,Male
3952,Female
4899,Female
8053,Female
2647,Male
6218,Female
4572,Male
2544,Male
4401,Male
7048,Male
4743,Male
710,Female
3695,Male
7198,Female
4323,Female
7802,Male
8217,Female
205,Male
8356,Male
5623,Female
8329,Male
8941,Male
793,Male
2511,Male
4387,Female
552,Male
8020,Female
2822,Female
426,Female
6102,Male
5909,Male
7663,Male
7895,Female
3819,Male
616,Male
6484,Male
360,Male
5634,Female
5078,Female
5124,Male
3436,Female
7697,Female
7250,Female
4710,Male
129,Male
894,Female
4563,Female
5651,Female
1620,Male
8885,Male
5594,Male
3021,Male
5184,Female
7543,Male
4457,Female
462,Female
4053,Female
2278,Male
6516,Female
2725,Female
7909,Male
4815,Female
834,Male
2158,Male
4026,Male
8228,Male
8847,Female
4006,Male
4525,Male
4969,Female
3613,Male
6814,Male
491,Male
5999,Female
4695,Male
1557,Female
8624,Male
6079,Male
5864,Female
7632,Male
6687,Male
3700,Male
5625,Female
8733,Male
4901,Male
3917,Male
5060,Female
7162,Male
4184,Female
1459,Male
6813,Female
5962,Male
3216,Female
1593,Male
5564,Male
8513,Male
6328,Male
1510,Female
5506,Male
3512,Female
4305,Male
3482,Male
5427,Male
1536,Male
8989,Female
6375,Male
4126,Male
3086,Female
8065,Female
5805,Male
8187,Female
7038,Male
1936,Male
7633,Male
6482,Male
1996,Male
5411,Male
5377,Male
3241,Male
6201,Male
3813,Male
7776,Female
3858,Female
533,Male
5319,Male
197,Male
3142,Female
7642,Male
4545,Male
1955,Male
3400,Female
5511,Female
7511,Female
7411,Male
289,Female
6083,Female
1872,Male
1077,Female
6952,Female
747,Male
8915,Male
5165,Female
7178,Male
94,Female
8784,Male
2693,Male
5996,Female
2573,Male
7097,Female
765,Female
1309,Female
4022,Female
8247,Male
148,Female
1289,Male
7711,Male
2151,Male
5865,Male
8436,Female
305,Male
2973,Male
3857,Male
4668,Female
5841,Male
1721,Male
6524,Male
7085,Male
3588,Male
6848,Male
1544,Female
1588,Female
1926,Male
3040,Male
527,Female
3931,Male
3593,Female
1490,Female
5049,Male
8245,Male
1889,Male
6307,Male
7991,Female
1465,Female
3309,Male
555,Female
6198,Female
7136,Male
3989,Female
711,Male
4528,Male
4173,Female
4876,Male
8939,Female
5526,Female
8080,Female
5916,Male
4847,Male
8381,Male
8074,Male
5610,Male
1845,Male
3587,Male
1887,Male
5417,Female
1083,Male
6978,Male
4437,Male
5466,Male
4431,Male
3200,Male
971,Male
4160,Male
8873,Female
2536,Female
4841,Male
8692,Female
6173,Male
8694,Male
67,Male
997,Female
7308,Male
7596,Male
313,Male
4874,Male
1074,Female
5476,Female
8399,Female
8115,Male
5642,Male
7256,Female
3327,Female
2853,Male
3678,Male
165,Male
2345,Female
6162,Male
6762,Male
4015,Female
3783,Female
6785,Male
3768,Female
5982,Female
6459,Male
4297,Male
4690,Male
6938,Male
2797,Male
6795,Female
7932,Male
8426,Male
7018,Male
7842,Male
1746,Male
4207,Male
192,Male
3300,Male
7405,Male
61,Female
397,Male
1795,Female
7858,Male
7639,Female
6679,Male
8062,Male
8061,Male
3564,Female
2964,Male
1113,Female
852,Female
3717,Male
2394,Male
2714,Female
2861,Female
46,Male
1007,Male
4870,Male
847,Female
8717,Female
5478,Male
669,Female
3681,Male
2517,Male
2858,Male
6930,Male
8731,Male
5541,Female
3825,Female
1932,Male
3748,Male
2305,Male
6283,Male
6634,Female
20,Female
1625,Female
6931,Male
6435,Male
5771,Male
7177,Female
7187,Male
1387,Female
2840,Male
4043,Male
7065,Male
2599,Male
8652,Male
1788,Male
714,Male
5480,Female
1848,Male
1764,Male
8639,Female
812,Male
8819,Male
5971,Male
7496,Male
8691,Male
4751,Male
2364,Male
8473,Male
1054,Male
4626,Female
8071,Male
6892,Male
3499,Female
5338,Male
8517,Male
4456,Male
4804,Male
8492,Male
5823,Male
3279,Female
8973,Female
1418,Male
6569,Female
3249,Female
8351,Male
7458,Female
4353,Male
144,Male
433,Female
7902,Male
4809,Female
3707,Male
7179,Male
3614,Female
4063,Male
942,Male
2221,Male
3792,Male
996,Female
3584,Male
7657,Female
2831,Male
4794,Male
6197,Female
1385,Male
4461,Male
5665,Male
5550,Male
5022,Male
583,Male
8586,Female
5956,Male
2896,Male
939,Female
8559,Male
7538,Female
3054,Male
4706,Female
5257,Male
6305,Male
2132,Male
6443,Female
2037,Male
8052,Male
4964,Female
5296,Male
1172,Male
3432,Female
1425,Male
1489,Female
1021,Male
3445,Male
589,Male
676,Female
445,Female
8141,Male
1254,Male
3969,Male
1211,Male
722,Female
2314,Male
5369,Male
6934,Male
58,Male
7544,Male
7307,Female
6136,Male
5660,Female
6355,Male
3312,Male
625,Male
7806,Female
42,Male
8180,Female
2173,Male
4150,Male
3562,Male
1163,Female
5631,Female
4846,Male
6629,Male
4271,Male
5843,Male
4723,Male
6517,Male
2224,Female
739,Male
7480,Male
8396,Female
2532,Male
4384,Female
1841,Male
5894,Male
7492,Male
8491,Female
5029,Male
5392,Male
1069,Female
4875,Female
495,Female
5178,Female
92,Male
5037,Female
8823,Female
7045,Male
4342,Male
348,Male
8745,Female
2898,Male
502,Male
5553,Male
7435,Male
7098,Female
2258,Male
2687,Male
7261,Female
6144,Male
5493,Male
835,Male
1733,Male
1981,Male
3851,Female
5491,Female
107,Male
4900,Male
8443,Female
798,Male
7687,Female
6118,Male
4722,Male
126,Male
3839,Male
3871,Male
8649,Male
3253,Male
5644,Male
6962,Female
1709,Male
4571,Male
5414,Female
7553,Female
3497,Male
7549,Male
5556,Male
6878,Male
371,Female
6323,Male
5887,Male
2555,Female
5147,Female
7591,Female
1666,Male
3285,Female
5989,Male
2062,Male
769,Male
5802,Female
6483,Female
5208,Male
2292,Female
5586,Female
5834,Female
8412,Female
2480,Female
3248,Male
294,Male
7739,Male
4373,Female
6462,Male
4092,Male
5795,Male
6624,Male
2890,Male
1784,Male
6177,Male
3219,Male
4248,Female
6504,Male
6387,Male
1837,Male
681,Male
361,Male
8003,Male
6639,Male
3896,Male
8943,Male
2247,Male
2578,Female
7236,Male
209,Female
3460,Female
8362,Male
2310,Male
7907,Male
7987,Male
2627,Male
6176,Male
2447,Male
6615,Male
4415,Male
5552,Male
849,Female
2707,Female
7286,Male
5940,Female
861,Male
7714,Male
758,Male
1439,Male
4995,Female
8041,Female
5404,Male
3494,Female
4410,Female
3056,Female
7834,Male
1723,Male
8091,Male
429,Female
5139,Male
2620,Male
4700,Male
5976,Male
142,Female
1089,Female
865,Male
979,Female
3770,Female
3882,Female
4918,Male
3072,Female
2141,Male
11,Male
1296,Male
1310,Male
3798,Male
2028,Male
8629,Male
2198,Male
1888,Male
1843,Male
3807,Male
8265,Male
5640,Male
7138,Male
514,Male
2726,Male
1743,Male
3863,Male
4971,Female
1776,Female
2424,Male
3558,Male
4575,Female
1604,Male
553,Male
186,Male
5861,Female
4293,Female
4905,Male
1384,Male
7459,Male
7113,Male
312,Male
2283,Female
968,Male
2833,Male
4044,Female
2942,Male
6610,Male
8166,Female
2414,Female
3685,Male
8379,Male
5287,Female
2504,Female
2662,Female
4361,Male
4111,Female
3106,Male
3195,Male
5033,Male
8688,Female
7279,Male
6329,Female
4978,Male
2159,Male
8035,Male
6402,Female
2093,Male
135,Female
7052,Female
3446,Male
4052,Female
5396,Male
6137,Male
2406,Female
1118,Male
8969,Male
2046,Male
8179,Male
5283,Male
5575,Male
1351,Male
8043,Male
8542,Male
7988,Female
3348,Male
4169,Female
2985,Male
8299,Female
1359,Female
4113,Female
164,Female
1138,Male
7497,Male
529,Female
6637,Male
3697,Male
258,Female
5852,Female
2043,Male
5412,Male
7378,Female
4611,Male
3693,Male
7121,Male
5433,Male
5047,Male
6245,Male
5696,Female
7341,Male
8931,Male
1171,Male
1242,Male
8170,Male
5641,Male
1328,Male
7081,Female
1939,Female
4514,Male
4756,Male
226,Male
3658,Male
4615,Male
6642,Male
6675,Male
8476,Male
4450,Male
2902,Male
1135,Male
2525,Male
5882,Male
1937,Male
743,Female
6835,Female
7453,Female
6383,Male
8843,Female
4168,Male
273,Female
7249,Male
127,Male
7961,Male
8829,Male
4585,Male
735,Female
4950,Female
1530,Male
6550,Male
1628,Female
2505,Male
4133,Male
1277,Male
7927,Male
5273,Female
3288,Female
1129,Female
7771,Male
8832,Female
5431,Female
5849,Male
7746,Female
2319,Female
3642,Male
4952,Female
7208,Male
3049,Male
6404,Male
156,Male
8653,Male
4667,Male
5361,Male
5796,Male
1875,Male
8015,Male
6247,Male
4740,Male
1644,Male
1378,Male
1822,Male
6480,Female
18,Male
2170,Male
8425,Male
4385,Female
7126,Male
2699,Female
8039,Male
7524,Male
398,Male
4330,Male
8580,Male
8861,Male
7615,Female
6100,Male
1814,Male
7672,Female
1780,Female
2565,Male
3956,Female
114,Female
7463,Female
3777,Male
624,Female
3652,Male
6337,Female
4344,Male
1685,Female
3224,Male
5286,Male
8154,Female
613,Male
2006,Male
7911,Male
7985,Female
1967,Male
1184,Male
7283,Male
5812,Male
5717,Male
1564,Female
3976,Male
3294,Female
1428,Male
3516,Male
6594,Female
352,Female
404,Female
749,Female
3225,Female
8572,Male
3376,Female
7212,Male
4283,Male
3891,Male
6844,Male
8261,Male
3716,Male
4090,Male
3846,Female
2488,Male
7900,Female
811,Male
112,Male
4109,Male
2816,Male
5794,Male
5947,Male
6612,Male
6115,Male
8458,Male
7031,Male
2602,Female
3266,Female
5024,Male
4148,Male
8372,Female
5132,Male
4096,Female
8910,Male
55,Female
8860,Male
5680,Male
7807,Female
6912,Male
133,Male
3818,Female
706,Male
1464,Male
2064,Male
7829,Male
7015,Male
8599,Male
1906,Male
3951,Male
8306,Male
1098,Female
4811,Male
8286,Female
8073,Male
3893,Female
4309,Male
7957,Female
5863,Female
3637,Male
6887,Female
5125,Male
2172,Male
5965,Male
438,Male
6784,Female
1528,Male
7835,Male
1262,Male
3964,Female
698,Male
6092,Female
5219,Female
4965,Male
454,Male
4409,Male
8140,Female
37,Male
7646,Male
8899,Male
3472,Female
5214,Female
8568,Female
7702,Male
1670,Male
5315,Male
5442,Female
5969,Female
6479,Female
7694,Female
6723,Male
1960,Female
8237,Male
4157,Male
2961,Female
2119,Male
4775,Female
157,Female
4420,Male
1389,Male
7812,Female
7130,Male
7202,Female
6169,Male
619,Male
6417,Male
3189,Female
3723,Male
1882,Female
4142,Male
4684,Male
6164,Male
8603,Male
2785,Male
3775,Female
21,Female
2927,Male
7600,Male
2938,Male
694,Male
5012,Male
5688,Male
2868,Male
5123,Male
5207,Male
3205,Female
8682,Female
1673,Male
4923,Male
1891,Male
8935,Male
4423,Male
1835,Female
7744,Male
7990,Male
2801,Male
5494,Male
1803,Male
8037,Male
2271,Male
1869,Female
7963,Female
1636,Male
3615,Male
6182,Female
4937,Male
5929,Male
4199,Male
4800,Male
8799,Male
3286,Male
1807,Male
8566,Male
6530,Male
7619,Male
6413,Female
1907,Male
7487,Male
5410,Male
6522,Male
6526,Male
806,Female
393,Male
4337,Male
5930,Male
6056,Male
8790,Female
8144,Male
4218,Female
7964,Female
5069,Male
2266,Female
7658,Female
5119,Female
1779,Male
8433,Male
2755,Male
740,Male
5407,Female
1096,Female
7123,Female
3806,Female
1950,Female
1037,Female
2560,Female
5975,Female
1349,Male
5080,Male
4808,Male
4807,Male
4270,Male
1799,Male
3712,Male
8184,Male
307,Male
8608,Male
6113,Male
4298,Female
2963,Female
3793,Male
1046,Male
4590,Male
3196,Female
1523,Male
595,Male
3676,Female
7296,Male
5524,Male
4629,Female
6017,Male
943,Male
4030,Male
3645,Male
1754,Male
3111,Male
8150,Male
7660,Male
7970,Male
4579,Male
8543,Female
3646,Male
2934,Male
8256,Male
7631,Female
4240,Female
8100,Male
814,Female
8762,Male
563,Male
6576,Male
8858,Male
3879,Male
252,Female
344,Male
4791,Male
5335,Male
2545,Male
8567,Male
7072,Male
1246,Female
1682,Male
3344,Female
480,Female
463,Male
5388,Male
705,Female
6304,Male
5278,Female
4598,Male
2099,Male
8975,Female
8486,Male
432,Male
2989,Male
8233,Male
1696,Male
3647,Female
6031,Female
7258,Male
8547,Male
6061,Male
6631,Female
7371,Male
1984,Male
1877,Male
2150,Male
877,Male
1125,Female
4994,Male
6729,Female
7241,Female
7699,Male
5848,Male
7676,Female
2416,Male
7257,Male
1538,Male
3150,Female
7222,Male
6935,Male
7339,Male
2355,Male
4767,Male
3377,Female
7331,Male
7635,Female
4281,Male
368,Female
2819,Male
2270,Male
2551,Male
4562,Female
8798,Female
6840,Male
388,Male
6760,Female
4558,Female
4220,Male
6362,Female
7143,Female
5915,Female
3258,Female
5725,Male
4083,Female
310,Male
8066,Female
5482,Male
2143,Male
1687,Male
674,Female
3732,Male
572,Female
8077,Male
1781,Female
612,Female
7352,Female
8849,Male
4332,Female
5866,Male
2913,Female
166,Male
7925,Female
2508,Female
6408,Male
6467,Male
4329,Male
7825,Female
381,Female
1833,Male
829,Male
8352,Female
7210,Female
7929,Female
736,Female
441,Male
6686,Female
8937,Male
8393,Female
1196,Male
4200,Male
3990,Male
948,Female
6292,Male
7640,Female
8298,Male
3152,Male
7439,Male
6553,Female
7969,Female
6650,Male
1499,Female
4644,Male
7712,Male
1962,Female
1017,Male
8797,Male
1488,Male
4194,Male
5779,Male
5441,Female
6496,Male
2733,Male
5073,Female
3749,Male
4050,Male
3868,Male
3629,Female
7158,Male
6194,Male
2586,Male
7695,Male
6740,Male
7899,Female
2813,Female
2975,Female
2998,Male
3713,Male
7433,Male
5169,Male
4267,Male
1524,Male
2778,Female
276,Male
4658,Female
4628,Female
7826,Male
6160,Male
1534,Male
5867,Male
6472,Female
8654,Male
6971,Male
5094,Male
4299,Male
8564,Male
2632,Male
7227,Male
7442,Male
29,Male
3328,Male
3280,Male
3113,Female
2762,Male
3814,Female
2055,Male
7839,Female
3641,Male
6032,Male
6585,Male
4574,Female
3550,Male
8097,Female
8347,Male
786,Male
6705,Male
8451,Female
4206,Male
2077,Male
8474,Male
2464,Male
2538,Female
5228,Male
7882,Male
4717,Male
1988,Female
7277,Female
7392,Female
6237,Male
4464,Female
820,Male
4135,Male
2474,Female
8326,Male
8954,Male
1201,Male
4832,Male
8383,Female
4101,Female
6147,Male
1162,Male
762,Male
8676,Female
6955,Male
6171,Female
6689,Female
7867,Male
2374,Female
374,Female
7528,Male
6309,Male
4817,Male
1789,Female
219,Female
3498,Male
1297,Male
6896,Male
5872,Female
3643,Male
105,Female
5346,Male
1711,Female
8887,Female
4112,Male
7183,Female
8076,Female
6228,Female
4429,Male
3764,Female
5111,Male
1271,Female
4440,Male
4646,Male
8290,Female
6579,Female
91,Female
5217,Male
2071,Male
6044,Male
6234,Female
5397,Male
4682,Male
2024,Male
2678,Male
982,Male
8293,Male
2639,Male
7082,Male
8459,Male
5830,Male
4542,Male
6321,Male
7598,Female
3263,Male
2992,Male
3440,Male
2186,Male
3856,Female
7219,Female
5898,Female
3070,Female
8394,Female
3915,Male
3363,Female
7117,Male
5986,Male
2718,Male
1547,Female
978,Male
5628,Male
259,Female
5420,Female
6491,Male
693,Male
8725,Male
2795,Male
1063,Female
5159,Male
7248,Male
1899,Female
7188,Female
5857,Male
1115,Male
1248,Male
3386,Male
460,Female
7266,Male
3738,Female
3799,Female
5084,Male
1304,Male
8270,Female
1737,Male
3052,Female
266,Female
6552,Female
5560,Female
2971,Male
6682,Male
8963,Male
6316,Female
895,Male
4510,Male
5850,Male
2709,Female
1199,Male
8000,Male
3426,Male
3585,Male
8840,Male
7209,Male
6219,Male
6188,Male
6135,Male
7856,Female
2497,Female
1782,Male
143,Female
7719,Male
5336,Female
1861,Male
6063,Female
6671,Female
4648,Male
3529,Female
8775,Male
1976,Male
2594,Male
2533,Male
424,Female
238,Female
8736,Female
7131,Male
4779,Male
2207,Male
7133,Male
5294,Male
7923,Male
6416,Male
1048,Female
6744,Male
493,Male
7564,Female
1290,Male
14,Male
2745,Male
5664,Male
2495,Female
1982,Female
3936,Male
7887,Male
5356,Male
2672,Male
6225,Male
8012,Male
3548,Male
8129,Male
7683,Male
2956,Male
2238,Male
362,Male
4902,Male
7644,Female
2775,Female
5216,Male
4540,Male
2428,Male
3510,Male
5430,Female
5316,Male
6586,Male
4154,Male
15,Male
2807,Male
5758,Female
3104,Female
4481,Male
3098,Male
3418,Male
1700,Male
68,Male
6422,Female
3411,Female
4395,Female
5895,Male
1909,Male
5936,Male
3333,Male
7122,Male
8432,Male
250,Male
3572,Male
975,Female
8925,Female
4024,Female
1381,Male
557,Male
3068,Male
3683,Male
7473,Female
6991,Male
3211,Male
83,Male
2377,Male
5770,Male
4845,Female
7309,Male
6155,Male
8656,Female
5596,Female
5372,Male
6084,Female
1868,Female
2354,Male
684,Male
1372,Male
1419,Male
8,Male
2757,Male
3003,Female
8958,Female
243,Male
8695,Male
2800,Male
662,Male
6138,Male
3009,Male
2794,Male
5192,Female
5559,Male
2904,Male
6433,Male
8272,Female
4731,Male
5085,Female
929,Male
901,Female
8699,Female
7059,Male
3027,Male
2013,Male
2933,Female
7007,Female
4390,Female
5268,Male
6899,Male
3044,Male
5176,Male
7246,Female
738,Male
2211,Male
3495,Male
5775,Female
5402,Female
6993,Male
7075,Male
8025,Male
7157,Female
201,Female
4100,Female
4941,Male
1627,Male
1756,Female
2389,Male
2434,Male
6988,Male
7536,Male
8090,Male
3928,Male
8831,Female
4661,Male
7546,Male
2433,Male
4692,Male
1575,Male
8220,Female
3929,Male
1940,Male
8984,Male
315,Male
411,Male
8788,Male
7034,Female
8214,Male
8804,Male
7843,Male
6449,Male
6423,Female
8200,Female
5096,Male
1693,Female
8310,Male
2880,Male
6965,Female
1110,Male
945,Male
1934,Male
8520,Female
3403,Male
7313,Male
3718,Female
2117,Female
4107,Female
7328,Male
416,Male
6860,Female
5106,Female
3551,Male
4205,Male
5607,Male
1386,Female
5652,Male
3727,Male
3688,Male
4660,Male
2005,Female
6069,Female
3705,Male
5922,Male
7189,Male
3315,Female
281,Female
5193,Male
8367,Female
4070,Male
2836,Male
1985,Male
8441,Female
4057,Female
8525,Female
2373,Male
6559,Male
6905,Female
492,Female
4640,Male
618,Male
357,Male
7333,Male
6345,Female
593,Male
1559,Female
6202,Female
7226,Male
3869,Male
3810,Female
5155,Male
816,Male
7930,Male
4970,Male
4734,Female
4183,Male
1556,Female
4836,Male
4079,Female
5862,Male
8857,Female
8105,Male
3616,Male
8879,Male
4073,Male
1695,Male
7295,Male
4062,Female
4000,Male
3465,Female
4349,Male
7978,Male
5544,Male
145,Female
8366,Female
8427,Male
1156,Male
670,Male
7604,Female
8248,Male
4241,Female
7205,Male
5285,Male
6564,Male
1055,Male
974,Male
3890,Male
4919,Female
3257,Female
3362,Male
911,Male
5576,Female
8134,Male
1702,Female
3669,Male
7203,Male
6150,Male
5890,Male
5760,Female
8708,Male
4088,Female
7264,Male
6652,Female
8471,Male
7008,Female
2411,Male
4650,Male
7396,Female
1032,Male
8252,Female
8698,Male
7152,Male
3590,Female
5393,Male
3187,Female
5603,Female
5874,Male
6850,Female
1180,Female
1860,Male
784,Female
3245,Male
2219,Female
3887,Male
5580,Female
5258,Male
3091,Female
2673,Male
8732,Female
4110,Male
2758,Female
6841,Male
1629,Male
4453,Male
4254,Male
3504,Male
8079,Male
6043,Female
3094,Female
6654,Female
3663,Female
5001,Male
6438,Female
6910,Female
5643,Male
796,Male
5574,Female
5517,Male
177,Male
1508,Male
8526,Male
1151,Male
122,Female
8336,Male
1144,Male
7062,Male
3803,Male
2646,Male
623,Male
6238,Female
7355,Male
8305,Male
2162,Male
860,Male
3289,Female
8099,Male
8830,Male
7529,Male
4975,Male
7099,Male
7870,Male
7774,Female
692,Male
3236,Female
262,Male
925,Male
1642,Male
6911,Male
2526,Male
3302,Male
2196,Male
6349,Male
6900,Male
2857,Female
6454,Male
5567,Female
7410,Male
3014,Male
6166,Male
5604,Female
1896,Male
6308,Male
3397,Male
16,Male
6242,Male
2844,Male
3177,Female
2401,Male
1029,Female
2387,Female
4478,Male
5674,Female
4285,Male
1517,Female
7773,Male
1034,Female
5538,Male
1641,Female
1313,Male
7986,Male
6914,Female
8175,Male
6053,Male
4716,Female
5265,Male
1542,Male
6645,Female
8138,Male
5050,Male
6282,Male
4637,Male
832,Male
6916,Male
7094,Male
6764,Male
4848,Male
5261,Male
8204,Male
906,Female
6409,Female
2137,Male
3661,Male
2453,Male
8024,Male
1049,Male
7044,Male
5588,Female
754,Male
3061,Male
7320,Female
245,Female
1236,Male
7076,Female
6508,Male
1168,Male
1570,Male
3945,Female
5141,Female
4711,Male
6609,Male
45,Male
634,Male
5327,Female
3229,Male
4606,Female
1257,Male
8008,Female
2618,Male
5783,Male
7267,Male
2668,Male
6270,Male
6199,Female
7960,Male
8820,Male
5305,Male
4108,Female
2892,Female
3256,Female
2869,Male
4822,Male
1708,Male
1174,Male
3135,Male
123,Female
727,Male
8036,Male
4924,Female
3874,Male
8321,Male
4367,Female
2613,Male
4670,Male
1366,Male
6425,Female
6439,Female
8452,Female
5418,Male
6004,Male
501,Male
1621,Male
2189,Female
3301,Female
730,Male
1197,Female
1635,Female
224,Male
8850,Female
8019,Male
1107,Male
6587,Male
248,Male
3475,Male
3004,Male
6976,Male
1220,Male
5074,Male
6728,Female
2174,Male
1839,Female
5209,Male
4541,Male
5381,Female
3414,Male
3828,Male
2779,Male
4559,Male
1325,Female
3552,Female
8155,Female
875,Male
4906,Female
7656,Male
7191,Female
1471,Male
6667,Male
6382,Male
4985,Male
5719,Female
5297,Female
6241,Male
121,Male
818,Male
1930,Male
5322,Male
7050,Male
4345,Male
7805,Male
6186,Female
2878,Male
4056,Male
6273,Female
8774,Female
1874,Female
4417,Female
7876,Male
6492,Female
6016,Female
2323,Female
7351,Male
5881,Male
520,Male
7918,Male
7941,Male
808,Male
3714,Male
6985,Male
8103,Female
2194,Female
5571,Female
2002,Male
3736,Male
7859,Male
3158,Male
4801,Male
3648,Female
8524,Male
4416,Male
4354,Female
976,Male
109,Female
2706,Male
2337,Male
6127,Male
8045,Female
8368,Female
8050,Male
7530,Male
5252,Male
6246,Male
8592,Female
4355,Male
440,Male
1212,Male
5489,Male
3765,Male
7752,Female
8680,Male
2146,Female
2830,Female
8739,Female
5143,Male
3470,Male
5508,Female
1332,Female
3541,Male
4127,Male
1838,Female
4501,Male
3670,Female
2041,Female
5645,Male
3817,Female
4016,Male
4726,Male
3096,Female
3948,Male
6793,Female
1106,Male
7168,Female
5983,Female
6014,Female
3864,Male
8040,Male
28,Female
3393,Male
2233,Male
6116,Male
4277,Male
1768,Male
204,Male
4504,Male
53,Male
2067,Male
7434,Female
7303,Male
2152,Male
1341,Male
2214,Male
5301,Female
649,Male
3075,Male
2083,Female
7948,Male
8509,Male
3321,Male
2145,Male
7386,Male
5988,Male
1008,Male
3539,Female
7515,Female
8972,Male
4465,Male
5426,Male
8881,Female
679,Male
169,Male
1719,Female
541,Male
1434,Female
2657,Male
1052,Male
8275,Male
2181,Female
391,Male
7912,Male
1324,Male
8021,Female
5332,Male
7574,Male
8490,Male
6929,Female
268,Male
2459,Male
1092,Male
1420,Male
6719,Male
3535,Male
3455,Male
8705,Female
1767,Male
290,Male
7502,Male
1707,Male
5341,Male
3174,Male
7737,Male
4798,Female
97,Female
1623,Male
5937,Male
1999,Male
175,Male
3178,Male
5614,Male
1876,Male
7625,Female
7186,Female
6630,Male
8938,Male
1952,Female
6279,Male
4312,Male
4428,Male
7758,Female
2529,Female
8622,Female
2974,Male
8083,Male
5274,Female
8751,Female
6351,Male
3271,Female
546,Male
7914,Male
8128,Female
1675,Male
8618,Male
3609,Male
4080,Male
1717,Female
7996,Male
5990,Female
354,Male
7395,Female
8787,Female
2248,Male
4916,Male
7374,Female
3963,Male
7452,Female
5204,Male
8377,Male
8384,Male
7885,Male
3410,Female
6665,Male
5474,Female
8271,Male
6540,Female
8034,Male
8116,Male
3759,Male
3940,Female
6088,Male
2839,Male
940,Female
8431,Male
4849,Male
1237,Female
6090,Female
3343,Male
6998,Male
2156,Male
1809,Male
886,Female
7135,Male
8942,Male
7384,Male
2624,Male
5945,Male
6140,Female
6864,Female
8506,Male
5459,Male
5891,Female
6966,Male
483,Male
8791,Male
4802,Male
1554,Male
5018,Male
1634,Male
7166,Female
3633,Male
7636,Female
3015,Female
3737,Female
1157,Male
4566,Male
1568,Female
4962,Male
1311,Male
889,Male
2183,Male
4601,Male
7229,Male
235,Female
2944,Male
5164,Female
6415,Male
5510,Male
512,Male
1691,Female
3594,Male
7231,Female
1216,Female
7924,Male
1992,Male
3347,Male
7791,Male
7539,Male
7321,Male
2903,Male
2732,Male
2413,Male
8877,Male
1580,Male
1602,Male
2015,Male
1974,Female
6059,Male
4986,Male
4203,Male
5492,Female
6131,Female
6838,Female
7477,Male
7195,Female
1062,Male
7641,Male
4854,Male
1345,Female
7740,Male
4863,Male
8466,Female
6621,Male
7145,Male
6954,Male
4581,Male
8137,Male
6296,Female
2686,Male
6611,Male
5617,Female
7305,Male
5899,Male
987,Female
7797,Male
4483,Male
3050,Female
3881,Male
5488,Male
7525,Male
844,Female
5470,Male
1073,Male
5896,Male
8297,Male
1058,Male
2427,Male
470,Female
609,Male
3533,Male
1227,Female
6830,Male
4614,Male
509,Male
3223,Male
883,Male
825,Female
5616,Male
2200,Male
717,Male
1920,Male
1457,Male
4616,Male
2962,Male
3012,Female
7760,Female
3291,Female
5279,Male
1409,Female
34,Male
1883,Male
1479,Male
8273,Male
2883,Male
6881,Female
4949,Male
6122,Male
7051,Male
4752,Female
4857,Male
6781,Female
6101,Male
2656,Female
5479,Male
7682,Male
3790,Female
6561,Male
5853,Male
1692,Male
7230,Female
6214,Female
3704,Female
6407,Female
8133,Male
2311,Male
3453,Male
5706,Male
319,Female
4888,Male
2470,Female
1584,Male
8778,Male
4810,Female
3600,Male
6541,Female
8202,Male
1238,Female
7156,Male
535,Female
4089,Male
6593,Male
5071,Male
4770,Male
6215,Female
1532,Female
5210,Female
3621,Male
7741,Male
3791,Male
8590,Male
8738,Female
2163,Male
8600,Female
2201,Male
8723,Male
5720,Male
3607,Male
2421,Male
1720,Male
1626,Female
8953,Female
7005,Female
637,Female
7891,Female
7017,Male
8718,Male
5462,Male
5977,Female
4369,Male
8005,Male
7335,Female
3157,Male
6638,Female
6758,Female
4634,Male
4227,Female
8223,Female
6232,Female
7387,Male
2382,Male
7343,Female
1207,Female
17,Male
5790,Male
7481,Male
1526,Male
2823,Male
937,Male
981,Male
6377,Female
3192,Female
4424,Male
1594,Male
8749,Female
7297,Male
8759,Male
7357,Female
1589,Female
6015,Male
2288,Male
2244,Male
6154,Female
3959,Female
6766,Male
3354,Male
3208,Male
4777,Male
6064,Male
346,Male
7727,Male
4622,Male
1916,Male
3089,Female
2188,Female
8779,Male
3996,Female
5395,Female
155,Male
4647,Female
2363,Female
2380,Male
140,Female
8670,Male
327,Female
5483,Male
6227,Male
1051,Female
4683,Male
2450,Male
236,Female
5638,Male
6963,Male
193,Female
3423,Male
2996,Male
479,Male
8765,Male
4944,Female
6097,Female
6732,Male
2838,Male
2588,Male
2552,Female
8029,Male
1018,Female
5329,Male
6055,Female
2126,Male
5632,Male
5602,Female
8585,Female
4153,Female
2736,Male
4685,Female
7910,Female
7730,Male
3396,Male
900,Male
257,Male
7466,Male
1176,Female
162,Female
4958,Female
4009,Male
697,Female
119,Female
4887,Female
3018,Male
3632,Male
3703,Female
139,Female
7593,Male
6081,Female
190,Female
3011,Male
2091,Male
6054,Male
6427,Male
475,Male
7743,Male
8846,Male
5718,Male
2087,Male
3901,Male
2685,Male
7830,Male
8702,Female
372,Female
449,Female
6111,Male
8496,Male
4242,Female
8505,Female
8767,Female
3570,Male
2802,Female
2456,Male
3698,Male
3638,Female
50,Female
3272,Female
7366,Female
8616,Male
7417,Male
5549,Male
846,Female
1441,Male
1085,Male
7679,Female
8764,Male
5707,Male
6412,Female
742,Female
358,Male
1195,Male
4512,Female
5821,Male
6763,Male
7721,Female
4947,Male
4834,Male
6363,Male
3930,Male
25,Male
2379,Female
5183,Male
459,Female
8855,Male
5256,Male
7890,Female
545,Male
6897,Male
6915,Male
1390,Male
7833,Male
731,Male
212,Female
64,Female
5092,Male
2296,Male
7966,Female
7934,Female
7522,Female
2341,Female
5950,Female
8945,Male
2642,Male
6477,Male
6827,Female
5653,Male
4882,Male
1766,Female
6712,Male
8605,Male
1187,Male
4033,Male
1011,Male
6918,Male
7984,Female
1855,Male
5126,Female
1453,Male
6109,Female
2619,Male
6859,Female
4359,Male
2667,Male
2250,Female
2888,Male
6514,Male
6956,Female
3099,Male
6730,Female
6108,Male
657,Female
241,Male
7846,Female
1715,Male
6006,Male
6721,Female
5157,Female
3612,Female
7614,Female
4694,Female
7329,Male
7505,Female
2199,Male
8693,Female
881,Female
5225,Male
3636,Male
2891,Male
6759,Male
2225,Male
4594,Female
3,Male
90,Male
8917,Male
3171,Male
8203,Female
6007,Male
7585,Male
2206,Male
1408,Male
6539,Female
8966,Male
5650,Male
3240,Female
7710,Male
526,Male
6456,Male
7268,Female
7233,Male
5954,Male
5232,Male
2280,Male
6651,Female
7083,Male
5892,Female
1747,Male
1704,Female
150,Female
5030,Male
2318,Male
8266,Male
5199,Female
2742,Male
632,Male
3690,Male
6970,Male
2058,Male
8992,Male
6913,Male
1480,Female
1179,Female
7456,Male
4118,Female
1405,Male
7709,Male
1722,Male
1761,Male
1202,Male
828,Female
6928,Male
7684,Female
6336,Female
342,Male
1578,Female
6875,Female
5413,Male
7618,Male
1951,Female
6280,Male
141,Male
3668,Male
3394,Male
605,Male
768,Male
296,Male
5584,Male
543,Female
4689,Male
7323,Male
6856,Male
3304,Male
776,Male
7382,Male
3692,Female
2463,Male
4891,Male
7595,Male
984,Female
7665,Male
4051,Female
4219,Female
8403,Male
5051,Male
4040,Female
4587,Male
6511,Male
367,Female
1801,Male
8527,Female
3468,Male
5912,Male
7886,Male
5358,Male
3102,Male
5729,Male
2321,Male
763,Male
963,Male
1467,Male
8802,Male
2867,Female
7393,Female
4286,Male
6306,Male
3611,Male
2905,Male
4339,Female
1307,Male
1990,Female
8463,Male
1662,Male
7388,Female
810,Male
6348,Male
1773,Male
3389,Male
7863,Female
2643,Female
2820,Male
6648,Female
7959,Male
2130,Male
260,Male
6029,Female
641,Male
4017,Female
6871,Male
5521,Male
4979,Female
990,Female
8283,Male
5924,Male
6674,Male
8898,Male
7686,Male
6544,Male
8026,Male
469,Male
6217,Male
2422,Male
5127,Male
8884,Female
7270,Female
8889,Female
6221,Male
8264,Female
3431,Male
8047,Female
3461,Male
7474,Male
3486,Male
7485,Male
183,Male
4494,Male
6825,Male
1402,Female
4502,Male
3085,Male
7142,Male
1706,Female
7269,Male
5656,Male
8199,Male
4303,Male
2674,Male
648,Female
4404,Female
8563,Male
5712,Female
6159,Male
4732,Female
5883,Male
4084,Female
1451,Male
5589,Male
3894,Male
423,Female
3244,Male
2003,Female
4202,Female
577,Female
3610,Female
324,Male
2760,Male
5726,Male
999,Male
116,Male
1338,Male
2763,Male
3237,Female
4754,Female
3083,Male
5695,Female
4925,Male
8444,Male
2139,Male
691,Male
8713,Male
6158,Male
4229,Male
3025,Female
218,Male
3250,Female
7725,Female
8627,Male
2462,Female
4568,Male
8911,Female
683,Male
3804,Male
8806,Female
5243,Female
4578,Male
7438,Female
3921,Female
3872,Male
3107,Male
211,Male
7412,Male
5649,Male
3604,Female
6469,Male
8822,Male
2312,Female
146,Male
8457,Female
7754,Male
2343,Male
3985,Male
8913,Male
7430,Male
5755,Male
4316,Female
5174,Male
4397,Male
5362,Female
2756,Female
2086,Male
1427,Male
1881,Female
8621,Male
7500,Male
7414,Male
2534,Female
1565,Female
8477,Male
8195,Male
7597,Male
4605,Male
308,Female
4872,Male
5878,Male
5657,Male
5943,Female
1972,Male
4530,Male
4889,Female
6277,Male
8930,Male
4038,Female
5170,Male
4943,Male
7728,Female
1520,Male
7649,Male
1121,Male
8710,Male
420,Male
6229,Male
916,Male
8365,Male
540,Male
8442,Male
6493,Female
5308,Female
447,Male
1808,Female
7623,Female
32,Female
6662,Male
8468,Male
2563,Female
6206,Female
7669,Male
977,Male
2722,Male
6683,Female
4785,Female
3742,Male
658,Male
1358,Male
5264,Male
1659,Male
4327,Male
202,Male
3201,Female
8462,Male
6733,Female
4136,Male
2070,Female
1632,Male
5525,Male
2743,Male
970,Male
7149,Male
3761,Male
6577,Male
1053,Male
8409,Male
2279,Male
8808,Male
8094,Female
4612,Male
5572,Male
4630,Male
6528,Male
3538,Male
4972,Male
1689,Female
4433,Male
5026,Male
5813,Male
2940,Male
8826,Male
4252,Male
3359,Male
8947,Female
2197,Male
4319,Female
3387,Male
2788,Male
3682,Female
6967,Male
1851,Male
2859,Male
5135,Female
5133,Female
253,Male
5150,Male
1382,Male
6653,Male
8511,Male
5484,Female
7654,Male
2074,Male
5282,Male
3968,Male
38,Female
8453,Female
3967,Male
5000,Female
5469,Female
4584,Male
8650,Male
4459,Female
6330,Male
1973,Female
3317,Male
7285,Female
8553,Female
4210,Male
1264,Male
6243,Male
2090,Male
6376,Male
331,Male
1044,Female
2528,Female
4812,Male
5191,Female
1183,Male
2299,Male
8182,Female
8121,Female
734,Male
4942,Male
3961,Male
1963,Male
4138,Male
6209,Male
4261,Male
6510,Female
6058,Male
2981,Male
2728,Male
8132,Female
7630,Male
7441,Female
1866,Male
7127,Male
1380,Female
5554,Male
7093,Male
7469,Male
3617,Male
8635,Male
6661,Male
6405,Male
3601,Female
701,Male
4619,Male
8632,Female
2684,Female
1150,Male
4181,Male
2449,Female
3958,Male
8118,Female
3406,Female
839,Male
720,Male
3789,Male
6374,Male
7999,Female
4852,Male
8289,Male
4037,Female
5005,Male
3357,Male
1102,Female
33,Male
5057,Male
4868,Female
3190,Male
7462,Male
2220,Male
7953,Male
7810,Male
7578,Male
6276,Female
3776,Male
6466,Male
8617,Male
1410,Female
598,Male
3415,Male
927,Female
6424,Male
1335,Male
2650,Female
4255,Female
3686,Male
2897,Female
5357,Male
744,Male
414,Female
78,Female
890,Male
2430,Female
3555,Male
2574,Male
3028,Male
2182,Female
2131,Male
8922,Male
5911,Male
1646,Female
4997,Male
2879,Male
4948,Female
66,Male
8250,Male
1,Female
6786,Female
6984,Male
8211,Female
7175,Male
2592,Female
5529,Male
7896,Male
7105,Male
1944,Male
4306,Male
6581,Female
2598,Male
5112,Female
3322,Male
1859,Male
7819,Female
1863,Female
8171,Male
2066,Male
6658,Male
1667,Male
8530,Male
3381,Male
2218,Male
4444,Male
8030,Male
5698,Male
5439,Male
1137,Male
88,Male
5900,Male
3532,Male
4946,Male
985,Female
1081,Male
293,Female
3883,Female
2190,Male
1775,Male
223,Male
5425,Male
6750,Female
946,Male
5391,Male
5730,Male
4292,Male
4237,Male
587,Male
4496,Male
6607,Male
2154,Female
7580,Female
2191,Female
3243,Male
7495,Male
3191,Male
5,Male
7288,Male
8655,Female
5970,Female
1473,Female
8844,Male
7862,Male
4913,Female
1334,Male
5173,Male
6543,Male
6788,Male
8284,Female
2711,Male
1531,Female
8573,Male
5705,Male
2669,Male
176,Male
6453,Female
2440,Male
7626,Male
4214,Male
2781,Female
590,Male
1774,Female
2562,Male
1505,Male
8315,Male
2368,Male
8319,Female
5122,Male
427,Female
5840,Male
8631,Male
1798,Female
5546,Male
6783,Male
12,Male
0,Male
1450,Male
2703,Female
7542,Male
3095,Male
4087,Male
4308,Female
5565,Female
6203,Female
2120,Male
8515,Female
7722,Female
3308,Male
1729,Male
4178,Male
1924,Male
8853,Male
6051,Female
845,Male
6828,Male
1596,Male
4641,Female
4260,Female
3413,Male
2652,Male
8164,Male
5302,Female
4001,Male
2026,Female
7002,Male
6347,Male
7385,Male
1255,Female
5579,Male
1834,Male
5601,Male
1000,Female
4665,Female
4081,Female
6253,Male
6046,Male
8082,Female
5289,Female
7092,Male
8780,Female
3483,Male
8957,Female
3602,Male
6068,Male
1284,Male
800,Male
3511,Male
5354,Male
4363,Female
3030,Male
5040,Male
4957,Female
3463,Male
5944,Male
8139,Female
6275,Male
6567,Male
2179,Male
7813,Male
5027,Male
6381,Male
7027,Female
5373,Male
1360,Male
1259,Male
1400,Female
4760,Female
2761,Male
2587,Male
4829,Female
928,Male
4399,Female
4718,Male
3444,Male
7717,Male
1562,Male
2607,Male
444,Male
4314,Male
7151,Male
2735,Female
1061,Male
7818,Male
5959,Male
1182,Male
3124,Female
3273,Male
8059,Male
3900,Female
2837,Male
5163,Male
5451,Male
7125,Female
6702,Female
8258,Male
1468,Male
8562,Male
7995,Female
5687,Male
8181,Male
6696,Female
3154,Male
7337,Male
3591,Female
5766,Male
1846,Female
2392,Male
4251,Male
5454,Male
7445,Male
8514,Male
7510,Female
2621,Female
6398,Male
1815,Male
4243,Male
8977,Male
3057,Female
2688,Female
1671,Male
3140,Male
1091,Female
3561,Female
5070,Male
2484,Male
672,Female
5138,Female
7055,Female
2436,Male
6163,Male
6003,Female
4217,Female
2923,Male
282,Female
6560,Female
1090,Female
3998,Male
3820,Female
6300,Male
4034,Male
1745,Female
110,Female
7608,Male
446,Female
377,Female
1915,Male
1421,Female
5677,Male
573,Male
3429,Male
586,Male
437,Male
8596,Female
1674,Female
4221,Male
4310,Male
8833,Male
3624,Female
3847,Male
6107,Male
2966,Female
4618,Male
5681,Male
8504,Female
272,Male
3441,Female
3757,Male
5792,Female
3251,Male
7559,Male
345,Male
949,Male
725,Male
4813,Female
5458,Male
7029,Male
3331,Male
8533,Female
5709,Male
3595,Female
3811,Male
4253,Male
4766,Male
2359,Male
1148,Male
6748,Female
903,Male
6802,Female
422,Female
199,Male
6175,Male
926,Male
6132,Female
6303,Male
163,Male
10,Female
3184,Female
2479,Male
5276,Female
6772,Male
4269,Female
8633,Male
7101,Female
26,Male
2641,Female
6792,Male
1033,Male
756,Female
7588,Female
3451,Male
3356,Male
1813,Female
8602,Female
6093,Male
1912,Male
2053,Female
3513,Male
1225,Male
153,Male
6801,Male
702,Male
8518,Female
2661,Female
1713,Female
191,Male
7622,Male
1494,Male
4981,Male
1123,Male
4728,Male
4394,Male
718,Male
8364,Female
5398,Male
7254,Female
3796,Male
2108,Female
6677,Male
5486,Male
6722,Male
1977,Female
1100,Female
8540,Male
4625,Male
2316,Male
485,Female
2425,Male
2676,Male
5195,Female
1740,Female
537,Male
2724,Female
6129,Female
5399,Female
4143,Male
7624,Male
5272,Female
767,Male
4546,Female
6106,Male
6391,Female
8331,Female
7422,Female
6037,Female
2606,Male
6922,Female
7901,Male
4435,Male
3269,Male
6831,Female
3597,Male
8742,Female
3540,Male
7872,Female
5131,Male
4025,Female
809,Male
8479,Male
8674,Male
7107,Male
3215,Male
6849,Male
2378,Male
5809,Female
2625,Male
3371,Male
781,Male
8234,Male
2509,Male
8551,Male
8882,Female
7349,Female
2610,Female
125,Female
8703,Male
152,Female
8534,Female
1566,Male
2446,Male
5056,Male
4403,Female
2834,Male
3926,Male
8546,Male
3734,Female
4212,Male
6789,Male
7276,Male
6179,Male
3795,Female
7794,Male
1735,Male
5702,Male
442,Female
2920,Female
1826,Female
6776,Female
8532,Female
6937,Female
5443,Male
5927,Female
3326,Male
2546,Female
41,Male
1820,Male
106,Male
1724,Male
7033,Male
8893,Male
8007,Male
3087,Male
2824,Male
7575,Male
1002,Female
7120,Female
3183,Male
8983,Female
3916,Female
8926,Female
89,Female
7338,Male
8996,Female
1778,Female
2023,Female
6676,Male
8561,Male
8720,Female
771,Male
4659,Male
1917,Female
8267,Male
4699,Male
2564,Male
3903,Male
3270,Male
8880,Male
2106,Female
3128,Female
65,Male
8870,Male
837,Female
4516,Female
6845,Male
7421,Male
3750,Male
5869,Female
6751,Male
7197,Male
4039,Male
8933,Male
8555,Male
6640,Male
271,Female
8687,Male
4827,Female
8339,Male
7678,Female
6451,Female
958,Female
6572,Male
8294,Female
7517,Female
4455,Female
6737,Male
1598,Male
2990,Female
93,Male
7904,Male
7821,Male
4389,Male
973,Male
7150,Male
6694,Male
386,Male
8165,Male
6703,Male
2596,Male
35,Female
8221,Male
4491,Female
3919,Male
6208,Male
1369,Male
7190,Female
2441,Female
1683,Male
3974,Male
317,Male
4886,Male
4724,Male
6734,Female
1529,Male
3655,Male
8811,Female
3417,Female
333,Male
6268,Male
81,Male
6001,Male
5686,Female
597,Male
1893,Female
8577,Male
792,Male
1946,Female
5539,Female
77,Male
3352,Male
7274,Female
3605,Male
1154,Male
5569,Male
7064,Male
8400,Male
8716,Male
3008,Male
2082,Male
6184,Male
1616,Male
2381,Male
1617,Female
2483,Female
7780,Male
3762,Male
364,Male
1252,Female
5994,Male
6710,Male
5978,Male
5746,Female
8836,Female
298,Male
8414,Female
7326,Female
1042,Female
5855,Male
7747,Female
7860,Female
4059,Male
6531,Male
6707,Male
5502,Male
1249,Male
3010,Male
8333,Female
1649,Female
3295,Female
4196,Male
8871,Female
2987,Female
288,Female
1655,Male
2731,Female
1587,Male
6370,Female
3867,Male
6558,Male
6020,Female
451,Female
6168,Male
1870,Male
3586,Male
8450,Male
3020,Male
1785,Female
1734,Male
206,Male
8102,Female
7979,Female
180,Female
82,Male
2168,Male
3045,Male
4358,Female
614,Male
885,Female
7621,Female
3583,Male
8439,Male
471,Male
3781,Female
917,Male
2388,Male
8239,Male
6231,Female
3577,Male
7688,Male
5774,Male
5457,Male
8130,Male
4475,Male
5293,Female
6210,Male
6151,Female
5590,Male
2237,Female
3779,Female
7116,Male
599,Male
7865,Male
2372,Male
5235,Male
7723,Female
5767,Female
1880,Male
4313,Male
7400,Male
2635,Male
2559,Female
5304,Male
5573,Male
750,Female
8583,Male
7427,Male
4134,Male
8429,Male
3731,Female
5406,Female
2118,Female
214,Male
887,Male
2663,Male
525,Male
3435,Female
1068,Female
4245,Female
3599,Male
5913,Male
8342,Female
8086,Male
6724,Male
6606,Male
723,Male
8952,Male
518,Female
1525,Male
1455,Female
5910,Male
31,Female
3635,Female
2644,Male
6989,Male
1208,Male
8604,Female
3578,Male
7601,Female
3895,Male
1141,Female
1545,Male
2597,Male
1583,Female
7399,Female
2986,Male
4146,Male
8619,Female
690,Female
3233,Female
2677,Male
8323,Male
3656,Female
3912,Female
898,Female
5928,Male
8470,Female
8328,Male
5778,Female
1844,Male
7041,Female
8117,Male
6406,Male
8302,Male
7655,Male
7184,Male
5389,Male
3957,Male
8612,Male
7783,Male
5351,Male
3179,Female
2202,Male
255,Female
3826,Male
3866,Male
8999,Female
6898,Male
5902,Male
6945,Female
7096,Male
2418,Male
3816,Male
7992,Male
3841,Male
6503,Male
3677,Male
489,Female
6344,Male
1218,Female
2660,Male
2426,Female
6854,Male
8081,Female
4977,Female
3830,Male
6145,Female
503,Female
5740,Female
5128,Male
8096,Female
7731,Male
5753,Female
2665,Female
8748,Male
3439,Male
2719,Female
7550,Male
1922,Male
7809,Male
4294,Male
468,Male
8904,Male
47,Male
6575,Male
498,Female
1306,Male
5465,Male
4257,Female
2297,Male
234,Male
1521,Male
4346,Male
3337,Female
4792,Female
3767,Male
8480,Male
782,Male
4909,Male
3416,Male
1020,Female
5129,Female
4021,Male
1015,Male
2187,Female
4867,Male
7358,Male
8711,Male
5352,Male
4495,Male
321,Male
1929,Female
2242,Male
530,Male
6953,Male
3345,Male
4335,Male
7432,Female
1546,Male
320,Male
1484,Male
6666,Male
4233,Male
6178,Male
6964,Male
2051,Female
328,Male
840,Female
5348,Male
1440,Male
1819,Male
8761,Female
1119,Male
2929,Male
4180,Male
8482,Female
4755,Male
3129,Male
3542,Male
884,Male
4348,Male
2901,Male
7879,Male
2025,Male
4366,Male
7402,Female
2073,Female
630,Male
6533,Female
8827,Male
5059,Female
7470,Male
2734,Female
6664,Male
6359,Male
5291,Male
8578,Male
1750,Male
3679,Male
8538,Male
5044,Male
4268,Female
1128,Female
436,Male
2105,Male
2717,Female
8959,Male
487,Female
4488,Male
2346,Female
7302,Female
8768,Female
7761,Female
7173,Male
1653,Female
3829,Male
2585,Female
8981,Male
539,Male
4116,Female
7322,Male
7935,Male
2553,Female
43,Male
2315,Male
6613,Male
3719,Male
2385,Male
5237,Female
6890,Female
1496,Male
4642,Female
6050,Female
5844,Male
4247,Male
570,Female
6430,Male
1097,Female
2815,Male
452,Male
3146,Male
1516,Male
3053,Female
3035,Male
2096,Female
6320,Male
2226,Male
279,Female
103,Female
3870,Male
3922,Male
3026,Male
2935,Male
4041,Female
1714,Male
6604,Male
4430,Male
1969,Male
8571,Female
3574,Male
4999,Male
2681,Male
8640,Male
3954,Male
3689,Female
6632,Female
5160,Male
4466,Male
4873,Female
8422,Male
2556,Male
3801,Male
899,Male
2019,Female
4259,Female
4922,Female
138,Female
6584,Male
8522,Male
8988,Female
799,Female
6685,Male
8990,Female
838,Female
3442,Male
7764,Male
3276,Male
3491,Male
4396,Female
7111,Male
5757,Female
2439,Male
4280,Female
794,Female
4445,Male
1941,Male
244,Male
8908,Female
7224,Male
6736,Female
2889,Male
6414,Male
275,Female
8628,Male
5380,Male
8018,Male
8373,Male
6990,Male
2945,Female
7346,Female
5086,Male
4917,Female
5908,Male
8715,Male
6790,Female
4691,Male
4998,Male
3549,Male
6949,Male
8378,Male
7681,Female
4442,Female
6907,Female
7311,Male
8033,Male
7820,Male
2111,Male
3838,Male
4745,Female
8760,Male
5920,Male
2789,Female
2870,Male
3310,Male
2741,Female
6623,Male
6332,Female
4498,Male
70,Female
8484,Female
8554,Female
4470,Male
6460,Female
3334,Female
6240,Female
6903,Male
408,Female
8507,Male
1550,Male
3017,Male
7350,Male
6392,Male
1112,Male
6979,Male
610,Female
2708,Male
5613,Female
2558,Female
8936,Female
2521,Male
486,Female
8332,Female
2061,Male
6288,Female
5090,Male
6364,Male
2313,Female
3131,Female
6512,Male
8327,Male
2873,Male
6726,Male
872,Female
2664,Male
7110,Male
472,Female
7521,Male
8489,Male
2576,Female
4520,Male
584,Female
7407,Female
4372,Female
536,Male
7221,Male
5804,Male
4045,Male
2765,Female
3427,Male
7353,Female
8488,Male
5266,Male
7369,Female
2302,Female
1056,Female
5973,Female
1185,Male
232,Male
7675,Female
1161,Female
7837,Male
4820,Male
2921,Male
3519,Male
1500,Male
5311,Male
6548,Male
6310,Female
1980,Male
8344,Male
2469,Male
2782,Male
4317,Male
6735,Male
2680,Male
4462,Male
3754,Male
5739,Male
8867,Female
5260,Male
5471,Male
5540,Male
4866,Female
8407,Female
6410,Male
8263,Male
3139,Female
1136,Male
291,Male
5236,Male
159,Female
7558,Male
2817,Female
2260,Male
5063,Female
6419,Male
8609,Female
7467,Male
4099,Female
8521,Male
306,Male
8528,Male
8087,Male
6997,Male
7026,Male
7751,Female
5968,Male
3126,Female
8642,Male
3544,Male
1132,Female
466,Female
5152,Male
8114,Female
7736,Male
7795,Female
751,Male
7336,Male
6223,Female
8773,Male
230,Male
1913,Female
7967,Male
5475,Male
7332,Male
6501,Male
1376,Male
4762,Male
8707,Male
7770,Male
3296,Male
2477,Female
8023,Male
6647,Male
5880,Male
5629,Female
522,Male
249,Male
6981,Male
8157,Female
8865,Male
2520,Male
225,Male
2350,Female
1661,Female
640,Female
4627,Male
2251,Male
4678,Female
7523,Male
2472,Female
1755,Male
7431,Male
5806,Male
3579,Male
8651,Male
3166,Male
5182,Male
5255,Male
8719,Male
464,Male
6649,Male
1003,Female
4885,Male
7408,Male
8013,Male
4265,Male
779,Female
2591,Male
4055,Female
7804,Male
3808,Male
3390,Male
7587,Male
6152,Female
4869,Male
1953,Female
4763,Male
4201,Female
8584,Male
972,Male
6385,Male
6038,Male
3568,Male
4823,Male
4921,Male
3293,Male
5822,Male
5672,Male
1769,Female
2960,Male
1214,Male
8552,Male
4246,Male
2675,Male
5385,Male
6448,Male
805,Female
5062,Male
3071,Male
5871,Male
3281,Female
4311,Female
7108,Male
5048,Female
642,Male
2615,Male
5876,Male
173,Male
3267,Male
689,Male
338,Female
7942,Male
905,Female
3430,Female
8274,Female
607,Female
1895,Male
627,Female
7239,Female
6104,Male
620,Female
6688,Male
389,Male
6067,Male
8813,Male
941,Male
2155,Male
6836,Male
4604,Male
6128,Male
174,Male
4198,Male
3500,Male
8108,Male
6977,Female
2177,Male
3059,Male
8956,Male
5007,Male
857,Male
8428,Male
8317,Female
5684,Female
3167,Female
3941,Female
2557,Male
7380,Male
789,Female
3623,Female
356,Female
323,Female
8188,Male
7429,Male
8690,Male
6506,Female
7766,Male
1270,Male
8465,Female
1364,Male
2017,Male
2537,Male
8287,Male
6028,Male
1374,Male
992,Female
3487,Male
5934,Male
578,Male
1469,Male
409,Male
3773,Male
580,Male
7871,Male
1067,Male
1205,Male
611,Male
2515,Male
8309,Male
1585,Male
6847,Female
6087,Male
2307,Female
6008,Male
7567,Male
755,Male
2814,Female
4858,Female
1379,Female
5703,Male
1429,Female
2429,Male
3701,Male
318,Male
3626,Male
3185,Male
8980,Male
104,Male
7124,Male
5104,Male
2134,Female
6777,Male
8222,Male
4687,Male
6295,Male
5011,Male
1415,Male
5773,Male
4129,Female
5450,Male
4328,Male
7461,Female
8363,Female
5700,Male
2487,Female
7128,Male
5088,Male
6699,Male
1827,Male
3332,Female
2049,Female
1995,Male
6386,Male
8313,Female
314,Male
5807,Male
3247,Female
665,Female
7265,Male
1800,Male
8796,Female
7507,Female
4552,Male
5992,Male
2682,Female
8848,Male
1342,Female
8512,Female
4522,Male
8771,Female
171,Male
7565,Female
8597,Female
490,Male
7383,Male
8307,Male
23,Female
3735,Male
2876,Female
671,Male
938,Male
3125,Male
7716,Male
3744,Female
8816,Male
1663,Male
1190,Male
7253,Male
2306,Male
6713,Male
4635,Male
4561,Female
2885,Male
7905,Male
3001,Male
7310,Male
8343,Male
4336,Male
6787,Female
5400,Female
6768,Female
4382,Female
7560,Male
8038,Female
6091,Male
2783,Male
4664,Female
4489,Male
1856,Male
4715,Male
6518,Male
6636,Male
5099,Male
4878,Female
5819,Female
1293,Male
5622,Female
8423,Female
2679,Male
5446,Male
5547,Female
2056,Female
8565,Male
1656,Male
6314,Male
390,Male
1320,Female
5424,Male
2882,Female
5957,Female
2176,Male
745,Male
4010,Male
8828,Female
407,Male
1949,Male
7750,Female
896,Male
1592,Male
2947,Male
5453,Male
1573,Male
2994,Male
2583,Female
5065,Male
7753,Female
986,Female
2098,Male
7817,Male
332,Male
8625,Male
3991,Male
8054,Female
7484,Male
2936,Female
1357,Male
8660,Female
1613,Male
4213,Male
6842,Male
1278,Female
1561,Male
2327,Male
2457,Female
1170,Male
2648,Female
3489,Female
8852,Female
4850,Female
6851,Female
8994,Male
7155,Male
4527,Male
6635,Female
1226,Male
1475,Male
3227,Female
9,Male
6833,Female
4497,Female
1677,Male
2808,Male
8435,Male
1487,Male
4677,Male
2843,Male
7192,Female
5751,Male
7306,Male
8191,Male
5543,Male
2721,Male
3911,Male
1871,Male
5868,Male
1966,Male
7855,Male
467,Male
3458,Female
5536,Male
1203,Male
1461,Male
5342,Male
1333,Male
7109,Female
8967,Female
5101,Male
2011,Female
2696,Female
4439,Male
3743,Male
2410,Male
2246,Male
6403,Male
136,Female
7653,Female
538,Male
1301,Male
8385,Male
8260,Male
2473,Male
7009,Male
7637,Female
4161,Female
7800,Male
4492,Female
1147,Female
383,Male
1422,Male
507,Female
254,Female
3298,Male
7735,Female
2285,Male
1679,Male
7028,Male
3659,Female
1821,Male
1979,Male
871,Male
1842,Female
3122,Female
8560,Male
2255,Male
5836,Male
7981,Male
2752,Male
2205,Male
8475,Male
8253,Female
8242,Male
4351,Male
7767,Male
1513,Male
5045,Male
6293,Female
7171,Female
6857,Male
3580,Male
4698,Male
8763,Male
8747,Male
969,Female
5789,Female
6951,Male
5951,Male
5386,Male
8120,Female
1993,Female
4735,Female
85,Female
2958,Male
910,Male
2527,Male
1456,Male
930,Male
4840,Male
6746,Male
3433,Female
7651,Female
544,Male
2042,Male
7973,Male
1818,Male
5721,Female
1416,Male
7361,Female
2133,Male
1395,Male
1022,Male
5889,Female
2907,Male
6877,Male
7605,Female
4289,Male
7519,Male
3965,Female
2409,Male
4569,Male
6195,Male
703,Male
2213,Male
4761,Female
1279,Female
561,Male
3408,Male
3560,Female
5966,Female
5473,Male
5577,Male
7566,Male
5599,Female
1597,Male
6753,Female
2932,Female
7518,Female
5031,Female
511,Male
8620,Female
1230,Male
1928,Male
8397,Male
1268,Male
8537,Male
3598,Female
5716,Male
2753,Female
3412,Male
6663,Male
1173,Female
2375,Female
1444,Male
5121,Male
6200,Female
7954,Male
6803,Male
7259,Male
1611,Male
1221,Female
2931,Female
131,Male
2866,Male
5974,Male
5763,Female
7590,Male
56,Male
3058,Male
8055,Male
5810,Male
6389,Female
1758,Male
3370,Male
4669,Male
5708,Male
1004,Female
7713,Female
513,Female
7956,Male
3545,Female
2524,Female
8668,Male
1305,Male
7701,Male
2423,Male
1676,Male
2300,Male
7389,Female
3355,Female
7845,Male
3517,Female
4533,Female
4141,Female
2033,Male
8303,Male
2713,Female
5791,Male
286,Male
5570,Female
3725,Male
2471,Male
2852,Male
1224,Male
4879,Male
2034,Male
6704,Male
5860,Male
7850,Male
5587,Male
8752,Male
499,Male
2485,Male
643,Male
5448,Male
5532,Male
1404,Female
373,Female
5054,Male
2572,Male
1272,Male
8127,Male
1340,Male
292,Female
5035,Female
5955,Male
8088,Female
2331,Male
3313,Female
4508,Female
2032,Male
759,Female
7674,Female
8502,Male
4162,Male
2326,Male
7067,Male
7648,Male
6608,Male
5221,Female
7037,Male
4105,Male
4593,Male
4152,Male
807,Male
410,Male
923,Male
3747,Male
8769,Female
959,Male
4507,Male
2614,Male
5827,Female
5107,Female
8613,Male
4564,Female
4225,Female
8587,Female
216,Male
448,Male
6444,Male
3530,Male
2491,Male
4938,Male
6901,Female
172,Female
952,Female
4560,Female
1448,Male
2081,Female
3188,Female
5499,Female
5244,Male
7572,Male
5745,Male
7437,Female
2467,Female
8856,Male
2147,Female
2276,Female
8168,Male
3979,Male
2352,Male
7077,Male
7627,Male
6691,Female
2908,Female
8197,Female
7512,Male
5578,Female
1101,Male
5008,Female
6134,Male
229,Female
5298,Male
5732,Male
2192,Male
3524,Male
3422,Female
3019,Female
2047,Male
1417,Male
8726,Male
7475,Male
3902,Male
4076,Male
5375,Female
443,Female
5149,Male
1235,Female
6770,Male
2114,Female
4636,Male
1388,Male
6920,Male
3507,Male
8598,Female
208,Male
6678,Female
3428,Female
4124,Male
6048,Male
6019,Male
7561,Female
8070,Male
277,Female
8437,Female
6578,Male
8544,Male
5113,Male
726,Male
764,Male
6947,Male
6874,Male
5472,Male
2850,Male
1241,Male
644,Male
6400,Female
1070,Male
6980,Female
1816,Female
2605,Male
6062,Male
3691,Female
947,Male
8418,Male
3949,Female
4883,Female
8659,Female
4468,Male
349,Male
2695,Male
7602,Male
7894,Female
6600,Female
6117,Male
1399,Female
1391,Male
6983,Female
5535,Male
494,Male
5067,Male
2589,Male
6301,Male
8593,Male
3746,Male
7022,Male
4550,Male
4077,Male
3016,Male
5025,Male
8548,Male
1970,Female
1905,Male
7698,Male
5923,Female
791,Male
2461,Male
892,Male
2419,Female
1458,Male
4548,Male
4992,Male
6125,Male
2683,Male
8582,Male
7141,Male
8838,Female
7196,Female
4094,Female
3745,Male
1669,Male
297,Male
8991,Female
3051,Male
6226,Male
6284,Male
7573,Male
5814,Male
2468,Male
2304,Male
6436,Male
3407,Male
3947,Male
870,Female
2442,Female
2871,Female
5682,Female
1075,Male
6356,Male
7114,Female
2035,Male
2849,Female
3861,Male
3909,Male
6879,Male
603,Male
1665,Female
6105,Male
3214,Male
7734,Male
7381,Male
3955,Female
7061,Male
5481,Female
5497,Female
3169,Female
6110,Male
2946,Male
7091,Male
1633,Male
4234,Male
2020,Male
8249,Male
2231,Female
664,Male
2178,Male
1130,Male
188,Female
5728,Female
7540,Male
7944,Male
8123,Male
521,Female
2057,Male
4104,Male
4609,Male
3906,Male
2630,Female
5167,Female
659,Male
8557,Male
7919,Male
2547,Male
3282,Female
6257,Male
6468,Female
4392,Male
8834,Male
3401,Female
7014,Female
7053,Male
6946,Male
1234,Male
4702,Female
1283,Male
1890,Male
6509,Female
406,Male
8095,Male
1925,Female
5626,Male
7563,Male
6343,Male
2651,Female
1436,Male
4927,Female
8382,Male
8678,Female
8809,Male
1539,Male
8894,Male
1189,Male
5875,Female
1169,Female
5507,Male
7294,Male
1931,Male
6822,Female
7508,Male
6335,Female
2750,Female
6837,Male
5817,Male
7169,Male
6839,Female
1143,Female
1350,Male
2492,Female
5081,Female
4473,Male
8176,Male
3100,Male
182,Male
1574,Male
2287,Male
3862,Female
4232,Female
5618,Male
5953,Female
8677,Male
7534,Female
4926,Male
4517,Male
5384,Male
7720,Female
7080,Male
7620,Male
7039,Female
4989,Female
1084,Male
5233,Male
3992,Female
4411,Male
7610,Male
3534,Male
4338,Female
6706,Male
8494,Male
8304,Male
7112,Female
631,Male
3660,Male
1927,Female
6025,Male
5175,Male
2204,Female
3471,Female
2486,Female
2230,Male
2399,Male
1276,Male
6557,Male
836,Male
8835,Male
3981,Female
6727,Male
5100,Female
7922,Male
3556,Female
677,Male
4166,Male
5946,Male
8160,Male
2293,Male
7562,Male
1078,Male
2716,Male
3137,Male
5948,Male
6597,Male
6756,Female
2257,Female
5761,Female
3161,Male
8279,Male
3987,Female
3997,Male
4422,Male
382,Male
5952,Male
2698,Male
4864,Female
3168,Male
7643,Male
6172,Male
5748,Female
4714,Female
8163,Male
1336,Male
5800,Male
653,Male
6625,Male
8666,Male
1292,Female
8550,Male
2262,Female
6523,Male
80,Male
3833,Male
2510,Male
713,Male
8503,Male
1014,Male
1288,Male
5931,Male
1601,Female
1577,Female
6133,Female
8325,Male
7103,Male
5737,Male
2995,Female
2109,Female
7472,Male
4301,Male
5932,Female
3123,Male
6010,Male
8669,Male
8454,Female
1862,Male
6250,Male
7375,Male
3944,Female
7271,Female
4624,Female
2113,Female
639,Male
5390,Male
8701,Male
950,Female
5343,Female
2256,Male
3780,Female
7513,Female
8269,Male
5370,Male
2007,Male
6297,Female
3706,Male
2499,Female
6622,Male
4865,Male
4523,Male
4086,Male
73,Male
8892,Male
7582,Female
7756,Male
3684,Male
853,Male
6379,Female
6644,Male
554,Female
2466,Male
2195,Male
3492,Male
4334,Male
1657,Male
8354,Female
4454,Male
841,Male
6057,Female
8467,Male
1710,Male
1314,Male
3721,Male
7532,Male
1016,Female
682,Male
8285,Male
3753,Male
1142,Female
2666,Male
8312,Female
5781,Female
5901,Female
2601,Male
4326,Female
1495,Male
2493,Female
6602,Female
8918,Female
5647,Female
1045,Female
6894,Female
3121,Male
5220,Male
3835,Female
1698,Male
7677,Female
2746,Female
5637,Male
5993,Male
2078,Female
4216,Male
5137,Male
680,Male
5750,Female
7444,Female
6536,Female
6823,Male
7115,Male
3078,Male
2872,Male
5906,Male
7977,Female
3159,Female
6259,Male
3398,Male
5187,Male
2068,Male
3860,Male
7570,Male
2274,Male
4831,Male
6112,Female
3788,Female
3421,Female
4816,Male
2616,Male
936,Male
2729,Male
7962,Female
2518,Female
7936,Female
7749,Female
6331,Male
6334,Female
8002,Male
6485,Female
6130,Female
4765,Male
6475,Male
5516,Male
350,Female
5591,Female
1903,Male
4639,Male
3277,Female
629,Male
7493,Male
1849,Female
4082,Female
8143,Female
5884,Male
3827,Male
2514,Male
1109,Male
3175,Male
7238,Female
4967,Male
687,Male
2855,Male
5835,Female
3084,Female
5692,Female
7049,Male
7705,Male
3724,Female
8162,Female
2330,Male
6754,Male
5563,Male
8934,Female
4940,Male
5949,Male
6855,Male
5981,Male
2993,Male
4652,Female
7095,Female
4603,Male
830,Male
2968,Male
4095,Female
5633,Male
6289,Male
3904,Male
6040,Female
413,Female
5654,Female
6263,Male
1968,Female
1558,Male
3210,Male
8756,Female
7289,Male
2185,Male
6120,Female
2160,Male
8614,Male
2275,Female
6659,Male
7290,Female
3118,Female
6290,Male
337,Male
6360,Male
6023,Male
5799,Male
5985,Male
375,Male
4819,Male
8845,Female
7569,Male
5666,Male
3148,Male
1474,Male
6925,Male
4567,Male
2984,Male
7454,Male
1263,Female
2712,Female
6066,Male
7170,Male
3474,Male
8610,Female
1772,Female
2135,Female
3114,Male
1535,Male
5324,Male
4645,Female
8574,Male
4177,Male
3204,Male
3537,Male
8084,Male
956,Male
3182,Male
1339,Male
8545,Male
3608,Female
233,Female
1071,Male
5675,Female
1186,Male
994,Female
606,Male
5723,Male
7893,Male
8060,Male
8814,Female
780,Male
3889,Female
7883,Female
4680,Male
5259,Male
7801,Male
8255,Male
2617,Male
2301,Male
7242,Female
6441,Female
5693,Female
2122,Male
2827,Male
3859,Male
4115,Male
4910,Male
7520,Male
1326,Female
6213,Male
7334,Male
5130,Male
322,Male
3063,Female
6465,Male
1515,Male
421,Female
2142,Female
6986,Male
189,Male
6902,Male
1660,Female
4701,Female
7449,Male
3448,Male
8493,Female
8998,Male
2171,Male
2208,Male
6372,Male
7344,Male
2671,Female
401,Male
1607,Male
7931,Male
1787,Female
2829,Female
4893,Male
2749,Male
4557,Male
395,Female
8193,Male
4555,Female
6619,Male
3760,Male
6455,Female
5349,Male
1512,Male
22,Female
8216,Female
592,Male
8044,Male
6429,Female
3329,Male
2910,Female
2787,Male
5366,Male
5365,Male
569,Female
2272,Female
7275,Female
918,Male
8927,Female
862,Male
8151,Male
2004,Male
2298,Male
6628,Female
6002,Female
6885,Male
7301,Male
6119,Female
4596,Male
1802,Male
867,Male
5485,Male
3885,Male
7284,Male
3730,Male
261,Female
3039,Male
3405,Male
6769,Female
5241,Male
3905,Male
5435,Female
5416,Male
4054,Female
8755,Male
6580,Male
5168,Male
5403,Male
412,Male
1901,Female
2267,Female
7993,Male
3147,Male
5360,Male
1831,Male
5769,Male
7047,Male
4749,Male
5072,Male
8607,Male
4402,Male
8924,Male
8499,Male
256,Male
6547,Male
8357,Male
5715,Male
6714,Male
7844,Male
2356,Male
6049,Female
6821,Male
7406,Male
1864,Male
7465,Female
269,Female
2021,Female
2951,Male
8124,Male
7390,Male
488,Male
5722,Male
2540,Female
376,Male
6618,Male
117,Male
5856,Male
5646,Female
5608,Female
2294,Female
5759,Female
1047,Female
1933,Male
1678,Male
4894,Female
5041,Female
7066,Male
1935,Male
1266,Male
3221,Male
8276,Male
8152,Female
4729,Male
5888,Male
5831,Male
2360,Male
7548,Male
2877,Male
1330,Male
6959,Female
5371,Male
4956,Female
3338,Male
62,Female
874,Female
1424,Female
343,Male
5288,Male
2865,Male
8169,Female
2899,Female
4393,Female
8231,Male
3478,Male
1654,Male
6262,Female
7589,Male
7938,Male
2265,Female
3784,Male
6463,Male
2369,Female
4824,Male
5893,Female
8445,Male
3566,Female
6588,Female
3217,Female
4871,Female
8316,Female
4250,Male
6450,Female
3848,Male
2261,Male
2044,Male
405,Male
7877,Male
5334,Female
2236,Male
5246,Female
2476,Male
5145,Male
3557,Female
334,Female
5714,Male
7293,Female
2997,Female
7958,Male
477,Male
3242,Male
6655,Male
989,Female
3805,Male
4935,Female
2324,Male
876,Male
2124,Female
3630,Male
7056,Female
8101,Female
3307,Male
3986,Female
6317,Male
5331,Female
517,Male
7498,Female
5756,Male
1694,Female
5815,Female
168,Female
7733,Male
4897,Female
2284,Female
7840,Female
8815,Female
534,Male
1285,Male
5263,Male
1762,Male
6204,Male
2636,Female
5752,Female
3559,Male
8360,Male
6819,Male
1177,Male
2144,Male
1206,Male
7100,Female
1919,Male
3239,Female
6574,Male
1217,Male
2253,Male
5339,Male
1965,Male
7217,Male
6071,Female
8746,Male
3657,Female
7300,Male
6939,Male
1435,Male
4983,Female
5942,Female
102,Male
5254,Male
6340,Male
790,Male
203,Male
8093,Female
265,Male
7084,Male
4341,Male
4912,Female
2982,Male
565,Male
7787,Female
2670,Male
7345,Male
6445,Male
3145,Male
2886,Male
7488,Male
2016,Male
8993,Female
5670,Male
167,Male
2784,Male
3000,Female
1828,Male
5115,Male
2216,Male
5764,Male
4725,Male
3033,Male
1193,Male
2918,Female
5528,Male
2125,Male
8948,Female
6244,Male
2649,Female
7792,Female
130,Male
403,Female
302,Female
6395,Male
8919,Male
278,Female
1730,Female
6657,Male
2344,Female
385,Male
7025,Female
2701,Female
5434,Female
6269,Male
6589,Male
5477,Male
4793,Male
4357,Male
2710,Female
6333,Male
5754,Male
506,Male
7403,Female
2102,Male
7974,Female
3378,Male
484,Male
3457,Male
3966,Male
1579,Male
3424,Male
6315,Male
4123,Female
455,Male
7299,Male
6816,Female
5595,Female
6832,Female
4733,Male
1191,Male
6596,Female
8032,Female
4120,Male
5562,Female
4904,Female
8126,Male
4362,Male
6255,Male
5197,Female
8156,Male
3372,Female
953,Male
3036,Female
6396,Male
5098,Female
5907,Male
4476,Male
1477,Female
4295,Female
8971,Female
7586,Male
6094,Female
6692,Female
4343,Male
2916,Female
8226,Male
4451,Male
5518,Male
8516,Male
5620,Female
1317,Male
8951,Male
2088,Male
5639,Male
8135,Female
7234,Male
7571,Female
7040,Female
8224,Male
1299,Male
6260,Female
4686,Male
7838,Female
6495,Female
1959,Female
2342,Male
1368,Female
1269,Male
3664,Male
3074,Male
7823,Female
2166,Female
4532,Male
2437,Female
7063,Female
3971,Male
1086,Female
3076,Male
5487,Male
4632,Male
3625,Male
7945,Female
5749,Female
6791,Male
1908,Male
7784,Female
2478,Male
8280,Male
7889,Male
5498,Female
5321,Male
848,Male
6478,Male
7032,Male
7144,Female
5023,Male
5154,Male
267,Male
6294,Male
5095,Male
8575,Male
8976,Male
868,Male
1431,Male
6191,Female
2365,Female
7140,Female
3606,Male
240,Female
2164,Female
3493,Male
1192,Female
1476,Male
3449,Female
6167,Male
531,Male
5374,Female
6697,Male
3297,Male
8229,Female
5280,Female
8753,Female
7057,Male
3518,Female
4360,Male
4383,Male
2582,Male
4676,Male
7023,Male
3995,Male
3849,Male
1463,Female
1250,Male
6731,Male
4589,Female
7726,Male
709,Female
2290,Female
6908,Female
1502,Male
7659,Male
2115,Male
4934,Male
4757,Male
559,Female
667,Female
6646,Male
5803,Male
7738,Female
6994,Male
7011,Male
8497,Female
8243,Male
2631,Male
8684,Female
8657,Female
7278,Male
5816,Male
1569,Female
3081,Male
7853,Female
221,Female
3582,Male
2029,Male
7920,Female
8987,Female
1267,Male
6494,Female
5689,Female
7137,Male
8308,Female
4018,Male
1716,Male
891,Male
5785,Male
1198,Female
3213,Male
6820,Female
329,Female
7888,Male
2976,Female
4296,Female
1652,Male
1050,Male
8932,Male
3485,Female
3479,Male
95,Female
6797,Female
3452,Female
5020,Male
4368,Female
961,Male
335,Male
922,Male
2234,Male
2798,Female
8314,Male
6368,Female
7347,Male
2937,Male
3262,Male
7897,Female
7006,Male
6156,Female
264,Male
63,Female
6563,Male
363,Male
748,Male
5941,Male
3563,Male
7368,Female
6487,Male
778,Female
1347,Female
3230,Male
5846,Male
7989,Male
6498,Female
6996,Male
6380,Male
5158,Female
4509,Male
325,Male
601,Male
8058,Male
6778,Female
8741,Male
5747,Male
6617,Female
737,Male
7706,Female
5250,Female
6024,Female
8406,Female
6960,Male
6367,Male
2705,Male
2212,Male
5419,Male
2809,Female
4638,Male
5808,Male
647,Male
8689,Male
7304,Male
5537,Male
7370,Male
907,Male
6948,Female
4137,Female
2939,Male
1757,Male
6123,Female
914,Female
5231,Male
8131,Female
4602,Female
8413,Male
1681,Male
4719,Male
4159,Male
2241,Male
1783,Female
4098,Male
1793,Male
4782,Male
5310,Male
3067,Male
8300,Male
699,Female
6165,Male
4191,Female
3506,Female
1688,Male
242,Male
5679,Male
6923,Male
2303,Female
8109,Male
8110,Female
3547,Female
379,Male
8801,Female
1344,Female
270,Male
3651,Female
1261,Male
6906,Male
5409,Male
550,Male
3496,Male
4350,Male
5082,Male
2522,Female
7319,Female
2079,Male
2148,Female
4413,Male
3082,Male
7955,Male
4608,Male
1690,Female
5068,Male
4300,Male
7864,Male
4448,Male
3785,Male
4746,Male
8398,Male
909,Male
1430,Female
1041,Male
957,Male
7612,Male
3907,Female
7557,Female
8874,Male
2210,Male
5444,Female
2325,Male
5685,Male
4790,Male
1736,Female
7455,Female
8461,Male
96,Female
5787,Female
3160,Female
2252,Female
3972,Male
6554,Male
3385,Male
6725,Female
8318,Male
8928,Male
1760,Male
7354,Male
6546,Male
7772,Male
3080,Male
4963,Female
1790,Male
160,Male
932,Female
1010,Male
4023,Female
5032,Female
4264,Male
5522,Female
8916,Male
115,Male
2771,Female
3034,Male
7446,Female
2085,Female
2759,Male
1117,Female
5179,Male
5500,Female
4890,Female
1210,Male
2052,Male
5379,Male
3395,Female
5669,Male
8770,Male
1036,Male
7892,Female
2739,Male
7690,Female
8011,Male
4954,Male
287,Male
5368,Female
6598,Male
2550,Male
4853,Male
3766,Male
6418,Male
5885,Male
591,Female
3509,Male
1897,Male
4282,Male
7428,Female
6555,Female
2128,Female
6591,Male
330,Male
8376,Male
8417,Male
6799,Male
4549,Male
2376,Male
1026,Male
7814,Male
347,Male
1318,Male
311,Male
2103,Female
2322,Female
6085,Female
6075,Male
2353,Male
2751,Male
571,Female
8891,Male
8675,Male
6720,Male
5277,Male
3222,Female
7223,Male
1989,Male
3259,Male
5009,Male
4610,Female
7759,Female
4012,Male
4031,Male
3802,Male
5440,Female
3631,Male
76,Female
8685,Female
2282,Male
4600,Female
7645,Female
878,Female
1258,Female
7363,Male
2503,Male
2626,Male
1122,Male
7490,Male
5097,Female
4914,Female
5201,Female
5382,Male
5171,Female
3505,Male
8658,Male
3999,Male
1411,Female
7790,Male
5995,Male
6599,Male
5355,Female
1346,Male
8158,Male
4256,Female
8837,Male
6972,Male
7106,Male
8225,Female
7172,Male
2329,Male
4027,Male
6357,Male
933,Male
833,Male
4984,Male
3671,Female
1493,Male
4274,Female
1414,Male
7404,Female
3837,Female
4035,Male
3443,Male
2655,Male
8671,Male
1031,Male
7998,Female
6148,Female
5777,Male
2965,Female
8421,Female
1375,Male
2095,Female
596,Male
2980,Female
1462,Male
7729,Female
6373,Female
2245,Male
4653,Male
4633,Female
1178,Female
8643,Male
1337,Female
661,Male
1066,Male
6515,Female
1039,Male
3619,Male
1942,Female
5102,Female
2512,Male
4421,Female
7489,Male
8673,Male
4074,Male
2107,Male
5116,Male
993,Female
5034,Male
2633,Male
6440,Male
7796,Male
3092,Male
2737,Male
316,Male
1645,Female
2149,Male
6426,Female
4193,Male
4155,Male
1631,Male
7700,Male
4931,Male
8737,Male
8145,Female
75,Male
179,Male
6452,Male
4713,Female
4046,Male
5655,Male
8792,Female
8581,Female
6865,Male
8641,Female
2167,Male
2031,Male
2138,Male
753,Male
2348,Male
8683,Female
1274,Male
6592,Female
8282,Female
7054,Female
8735,Male
2608,Male
4896,Male
6824,Female
5534,Male
300,Female
5826,Male
8434,Male
3722,Male
3420,Male
4480,Female
4783,Male
3447,Male
1024,Male
5772,Male
1082,Male
2370,Male
965,Male
8455,Male
461,Male
3836,Male
6974,Female
935,Male
2460,Male
8089,Female
2928,Female
3521,Female
7854,Male
1961,Male
1543,Male
1971,Female
6193,Male
8647,Male
8205,Female
5744,Female
7263,Male
7146,Male
4617,Male
1612,Female
8487,Male
3130,Male
3531,Female
6507,Female
7691,Male
6180,Male
1363,Male
2140,Male
3047,Male
3755,Male
770,Male
4796,Male
2818,Female
6861,Male
7577,Male
6009,Male
1507,Male
7584,Male
8946,Female
3673,Male
4741,Female
213,Male
4786,Female
668,Female
2727,Male
4703,Female
4278,Male
60,Male
7218,Female
4377,Female
7420,Male
4263,Male
604,Female
79,Male
6486,Male
4276,Male
1847,Male
3060,Female
6853,Male
7788,Male
3246,Male
4029,Female
2884,Female
1027,Male
2089,Female
652,Male
2481,Male
7260,Male
1647,Male
7555,Female
5738,Female
654,Male
8950,Male
7060,Male
1064,Male
1794,Male
5317,Male
823,Female
4839,Male
7533,Male
120,Male
2776,Male
549,Female
8149,Female
8839,Female
5345,Female
2384,Female
8883,Female
817,Male
5609,Male
3454,Female
1718,Male
8189,Male
2952,Female
8665,Female
2263,Male
5984,Male
1319,Male
6943,Female
850,Female
5914,Male
4036,Female
2638,Female
8734,Male
7768,Female
59,Female
6324,Male
2334,Male
6318,Female
4803,Male
8704,Male
5312,Male
3226,Male
2603,Female
760,Male
1727,Male
4484,Male
481,Male
1686,Male
7043,Male
6393,Female
2561,Female
6141,Female
4500,Male
532,Female
5196,Male
2045,Male
8244,Male
2790,Male
3756,Male
1840,Male
1445,Male
1817,Female
5980,Male
5967,Male
1509,Male
220,Male
1668,Female
2100,Male
2957,Male
8389,Female
6749,Male
1552,Female
4709,Male
3456,Male
8921,Female
2281,Male
3933,Male
7616,Male
6538,Male
4907,Male
2063,Female
964,Male
3162,Male
430,Male
5013,Male
2893,Male
3278,Male
1763,Male
1599,Female
3197,Male
8209,Male
3994,Male
4014,Female
4058,Male
6529,Male
3069,Male
1355,Male
4655,Female
1797,Male
6525,Male
7647,Male
6780,Male
3484,Male
4534,Male
4818,Male
2104,Male
263,Male
1572,Female
3527,Female
955,Male
3910,Male
4318,Female
6298,Male
855,Female
5456,Male
2054,Male
4580,Female
564,Male
1658,Male
1396,Female
7732,Male
6285,Female
8679,Male
5172,Male
283,Male
7448,Female
913,Female
5676,Female
3090,Male
2065,Male
2,Male
7207,Male
7213,Male
5697,Male
2367,Male
882,Male
651,Male
7314,Male
3255,Female
733,Male
6643,Male
4028,Female
685,Male
3311,Male
1175,Male
6205,Male
1482,Female
1329,Male
1749,Female
2766,Female
8447,Male
4042,Male
1223,Male
6745,Female
6207,Male
7869,Male
864,Female
4479,Female
3970,Male
4855,Male
6852,Male
5408,Male
815,Female
476,Female
8125,Male
995,Female
4304,Male
8448,Male
8588,Female
3238,Male
7235,Female
3702,Male
5002,Male
3469,Male
2490,Female
576,Male
